curr_x,curr_y
0.0,0.0
0.1,0.0
0.2,0.0
0.30000000000000004,0.0
0.4,0.0
0.5,0.0
0.6000000000000001,0.0
0.7000000000000001,0.0
0.8,0.0
0.9,0.0
1.0,0.0
1.1,0.0
1.2000000000000002,0.0
1.3,0.0
1.4000000000000001,0.0
1.5,0.0
1.6,0.0
1.7000000000000002,0.0
1.8,0.0
1.9000000000000001,0.0
2.0,0.0
2.1,0.0
2.2,0.0
2.3000000000000003,0.0
2.4000000000000004,0.0
2.5,0.0
2.6,0.0
2.7,0.0
2.8000000000000003,0.0
2.9000000000000004,0.0
3.0,0.0
3.1,0.0
3.2,0.0
3.3000000000000003,0.0
3.4000000000000004,0.0
3.5,0.0
3.6,0.0
3.7,0.0
3.8000000000000003,0.0
3.9000000000000004,0.0
4.0,0.0
4.1000000000000005,0.0
4.2,0.0
4.3,0.0
4.4,0.0
4.5,0.0
4.6000000000000005,0.0
4.7,0.0
4.800000000000001,0.0
4.9,0.0
5.0,0.0
5.1000000000000005,0.0
5.2,0.0
5.300000000000001,0.0
5.4,0.0
5.5,0.0
5.6000000000000005,0.0
5.7,0.0
5.800000000000001,0.0
5.9,0.0
6.0,0.0
6.1000000000000005,0.0
6.2,0.0
6.300000000000001,0.0
6.4,0.0
6.5,0.0
6.6000000000000005,0.0
6.7,0.0
6.800000000000001,0.0
6.9,0.0
7.0,0.0
7.1000000000000005,0.0
7.2,0.0
7.300000000000001,0.0
7.4,0.0
7.5,0.0
7.6000000000000005,0.0
7.7,0.0
7.800000000000001,0.0
7.9,0.0
8.0,0.0
8.1,0.0
8.200000000000001,0.0
8.3,0.0
8.4,0.0
8.5,0.0
8.6,0.0
8.700000000000001,0.0
8.8,0.0
8.9,0.0
9.0,0.0
9.1,0.0
9.200000000000001,0.0
9.3,0.0
9.4,0.0
9.5,0.0
9.600000000000001,0.0
9.700000000000001,0.0
9.8,0.0
9.9,0.0
10.0,0.0
10.100000000000001,0.0
10.200000000000001,0.0
10.3,0.0
10.4,0.0
10.5,0.0
10.600000000000001,0.0
10.700000000000001,0.0
10.8,0.0
10.9,0.0
11.0,0.0
11.100000000000001,0.0
11.200000000000001,0.0
11.3,0.0
11.4,0.0
11.5,0.0
11.600000000000001,0.0
11.700000000000001,0.0
11.8,0.0
11.9,0.0
12.0,0.0
12.100000000000001,0.0
12.200000000000001,0.0
12.3,0.0
12.4,0.0
12.5,0.0
12.600000000000001,0.0
12.700000000000001,0.0
12.8,0.0
12.9,0.0
13.0,0.0
13.100000000000001,0.0
13.200000000000001,0.0
13.3,0.0
13.4,0.0
13.5,0.0
13.600000000000001,0.0
13.700000000000001,0.0
13.8,0.0
13.9,0.0
14.0,0.0
14.100000000000001,0.0
14.200000000000001,0.0
14.3,0.0
14.4,0.0
14.5,0.0
14.600000000000001,0.0
14.700000000000001,0.0
14.8,0.0
14.9,0.0
15.0,0.0
15.100000000000001,0.0
15.200000000000001,0.0
15.3,0.0
15.4,0.0
15.5,0.0
15.600000000000001,0.0
15.700000000000001,0.0
15.8,0.0
15.9,0.0
16.0,0.0
16.1,0.0
16.2,0.0
16.3,0.0
16.400000000000002,0.0
16.5,0.0
16.6,0.0
16.7,0.0
16.8,0.0
16.900000000000002,0.0
17.0,0.0
17.1,0.0
17.2,0.0
17.3,0.0
17.400000000000002,0.0
17.5,0.0
17.6,0.0
17.7,0.0
17.8,0.0
17.900000000000002,0.0
18.0,0.0
18.1,0.0
18.2,0.0
18.3,0.0
18.400000000000002,0.0
18.5,0.0
18.6,0.0
18.7,0.0
18.8,0.0
18.900000000000002,0.0
19.0,0.0
19.1,0.0
19.200000000000003,0.0
19.3,0.0
19.400000000000002,0.0
19.5,0.0
19.6,0.0
19.700000000000003,0.0
19.8,0.0
19.900000000000002,0.0
20.0,0.0
20.1,0.0
20.200000000000003,0.0
20.3,0.0
20.400000000000002,0.0
20.5,0.0
20.6,0.0
20.700000000000003,0.0
20.8,0.0
20.900000000000002,0.0
21.0,0.0
21.1,0.0
21.200000000000003,0.0
21.3,0.0
21.400000000000002,0.0
21.5,0.0
21.6,0.0
21.700000000000003,0.0
21.8,0.0
21.900000000000002,0.0
22.0,0.0
22.1,0.0
22.200000000000003,0.0
22.3,0.0
22.400000000000002,0.0
22.5,0.0
22.6,0.0
22.700000000000003,0.0
22.8,0.0
22.900000000000002,0.0
23.0,0.0
23.1,0.0
23.200000000000003,0.0
23.3,0.0
23.400000000000002,0.0
23.5,0.0
23.6,0.0
23.700000000000003,0.0
23.8,0.0
23.900000000000002,0.0
24.0,0.0
24.1,0.0
24.200000000000003,0.0
24.3,0.0
24.400000000000002,0.0
24.5,0.0
24.6,0.0
24.700000000000003,0.0
24.8,0.0
24.900000000000002,0.0
25.0,0.0
25.1,0.0
25.200000000000003,0.0
25.3,0.0
25.400000000000002,0.0
25.5,0.0
25.6,0.0
25.700000000000003,0.0
25.8,0.0
25.900000000000002,0.0
26.0,0.0
26.1,0.0
26.200000000000003,0.0
26.3,0.0
26.400000000000002,0.0
26.5,0.0
26.6,0.0
26.700000000000003,0.0
26.8,0.0
26.900000000000002,0.0
27.0,0.0
27.1,0.0
27.200000000000003,0.0
27.3,0.0
27.400000000000002,0.0
27.5,0.0
27.6,0.0
27.700000000000003,0.0
27.8,0.0
27.900000000000002,0.0
28.0,0.0
28.1,0.0
28.200000000000003,0.0
28.3,0.0
28.400000000000002,0.0
28.5,0.0
28.6,0.0
28.700000000000003,0.0
28.8,0.0
28.900000000000002,0.0
29.0,0.0
29.1,0.0
29.200000000000003,0.0
29.3,0.0
29.400000000000002,0.0
29.5,0.0
29.6,0.0
29.700000000000003,0.0
29.8,0.0
29.900000000000002,0.0
30.0,0.0
30.1,0.0
30.200000000000003,0.0
30.3,0.0
30.400000000000002,0.0
30.5,0.0
30.6,0.0
30.700000000000003,0.0
30.8,0.0
30.900000000000002,0.0
31.0,0.0
31.1,0.0
31.200000000000003,0.0
31.3,0.0
31.400000000000002,0.0
31.5,0.0
31.6,0.0
31.700000000000003,0.0
31.8,0.0
31.900000000000002,0.0
32.0,0.0
32.1,0.0
32.2,0.0
32.300000000000004,0.0
32.4,0.0
32.5,0.0
32.6,0.0
32.7,0.0
32.800000000000004,0.0
32.9,0.0
33.0,0.0
33.1,0.0
33.2,0.0
33.300000000000004,0.0
33.4,0.0
33.5,0.0
33.6,0.0
33.7,0.0
33.800000000000004,0.0
33.9,0.0
34.0,0.0
34.1,0.0
34.2,0.0
34.300000000000004,0.0
34.4,0.0
34.5,0.0
34.6,0.0
34.7,0.0
34.800000000000004,0.0
34.9,0.0
35.0,0.0
35.1,0.0
35.2,0.0
35.300000000000004,0.0
35.4,0.0
35.5,0.0
35.6,0.0
35.7,0.0
35.800000000000004,0.0
35.9,0.0
36.0,0.0
36.1,0.0
36.2,0.0
36.300000000000004,0.0
36.4,0.0
36.5,0.0
36.6,0.0
36.7,0.0
36.800000000000004,0.0
36.9,0.0
37.0,0.0
37.1,0.0
37.2,0.0
37.300000000000004,0.0
37.4,0.0
37.5,0.0
37.6,0.0
37.7,0.0
37.800000000000004,0.0
37.9,0.0
38.0,0.0
38.1,0.0
38.2,0.0
38.300000000000004,0.0
38.400000000000006,0.0
38.5,0.0
38.6,0.0
38.7,0.0
38.800000000000004,0.0
38.900000000000006,0.0
39.0,0.0
39.1,0.0
39.2,0.0
39.300000000000004,0.0
39.400000000000006,0.0
39.5,0.0
39.6,0.0
39.7,0.0
39.800000000000004,0.0
39.900000000000006,0.0
40.0,0.0
40.1,0.0
40.2,0.0
40.300000000000004,0.0
40.400000000000006,0.0
40.5,0.0
40.6,0.0
40.7,0.0
40.800000000000004,0.0
40.900000000000006,0.0
41.0,0.0
41.1,0.0
41.2,0.0
41.300000000000004,0.0
41.400000000000006,0.0
41.5,0.0
41.6,0.0
41.7,0.0
41.800000000000004,0.0
41.900000000000006,0.0
42.0,0.0
42.1,0.0
42.2,0.0
42.300000000000004,0.0
42.400000000000006,0.0
42.5,0.0
42.6,0.0
42.7,0.0
42.800000000000004,0.0
42.900000000000006,0.0
43.0,0.0
43.1,0.0
43.2,0.0
43.300000000000004,0.0
43.400000000000006,0.0
43.5,0.0
43.6,0.0
43.7,0.0
43.800000000000004,0.0
43.900000000000006,0.0
44.0,0.0
44.1,0.0
44.2,0.0
44.300000000000004,0.0
44.400000000000006,0.0
44.5,0.0
44.6,0.0
44.7,0.0
44.800000000000004,0.0
44.900000000000006,0.0
45.0,0.0
45.1,0.0
45.2,0.0
45.300000000000004,0.0
45.400000000000006,0.0
45.5,0.0
45.6,0.0
45.7,0.0
45.800000000000004,0.0
45.900000000000006,0.0
46.0,0.0
46.1,0.0
46.2,0.0
46.300000000000004,0.0
46.400000000000006,0.0
46.5,0.0
46.6,0.0
46.7,0.0
46.800000000000004,0.0
46.900000000000006,0.0
47.0,0.0
47.1,0.0
47.2,0.0
47.300000000000004,0.0
47.400000000000006,0.0
47.5,0.0
47.6,0.0
47.7,0.0
47.800000000000004,0.0
47.900000000000006,0.0
48.0,0.0
48.1,0.0
48.2,0.0
48.300000000000004,0.0
48.400000000000006,0.0
48.5,0.0
48.6,0.0
48.7,0.0
48.800000000000004,0.0
48.900000000000006,0.0
49.0,0.0
49.1,0.0
49.2,0.0
49.300000000000004,0.0
49.400000000000006,0.0
49.5,0.0
49.6,0.0
49.7,0.0
49.800000000000004,0.0
49.900000000000006,0.0
50.0,0.0
50.1,0.0
50.2,0.0
50.300000000000004,0.0
50.400000000000006,0.0
50.5,0.0
50.6,0.0
50.7,0.0
50.800000000000004,0.0
50.900000000000006,0.0
51.0,0.0
51.1,0.0
51.2,0.0
51.300000000000004,0.0
51.400000000000006,0.0
51.5,0.0
51.6,0.0
51.7,0.0
51.800000000000004,0.0
51.900000000000006,0.0
52.0,0.0
52.1,0.0
52.2,0.0
52.300000000000004,0.0
52.400000000000006,0.0
52.5,0.0
52.6,0.0
52.7,0.0
52.800000000000004,0.0
52.900000000000006,0.0
53.0,0.0
53.1,0.0
53.2,0.0
53.300000000000004,0.0
53.400000000000006,0.0
53.5,0.0
53.6,0.0
53.7,0.0
53.800000000000004,0.0
53.900000000000006,0.0
54.0,0.0
54.1,0.0
54.2,0.0
54.300000000000004,0.0
54.400000000000006,0.0
54.5,0.0
54.6,0.0
54.7,0.0
54.800000000000004,0.0
54.900000000000006,0.0
55.0,0.0
55.1,0.0
55.2,0.0
55.300000000000004,0.0
55.400000000000006,0.0
55.5,0.0
55.6,0.0
55.7,0.0
55.800000000000004,0.0
55.900000000000006,0.0
56.0,0.0
56.1,0.0
56.2,0.0
56.300000000000004,0.0
56.400000000000006,0.0
56.5,0.0
56.6,0.0
56.7,0.0
56.800000000000004,0.0
56.900000000000006,0.0
57.0,0.0
57.1,0.0
57.2,0.0
57.300000000000004,0.0
57.400000000000006,0.0
57.5,0.0
57.6,0.0
57.7,0.0
57.800000000000004,0.0
57.900000000000006,0.0
58.0,0.0
58.1,0.0
58.2,0.0
58.300000000000004,0.0
58.400000000000006,0.0
58.5,0.0
58.6,0.0
58.7,0.0
58.800000000000004,0.0
58.900000000000006,0.0
59.0,0.0
59.1,0.0
59.2,0.0
59.300000000000004,0.0
59.400000000000006,0.0
59.5,0.0
59.6,0.0
59.7,0.0
59.800000000000004,0.0
59.900000000000006,0.0
60.0,0.0
60.1,0.0
60.2,0.0
60.300000000000004,0.0
60.400000000000006,0.0
60.5,0.0
60.6,0.0
60.7,0.0
60.800000000000004,0.0
60.900000000000006,0.0
61.0,0.0
61.1,0.0
61.2,0.0
61.300000000000004,0.0
61.400000000000006,0.0
61.5,0.0
61.6,0.0
61.7,0.0
61.800000000000004,0.0
61.900000000000006,0.0
62.0,0.0
62.1,0.0
62.2,0.0
62.300000000000004,0.0
62.400000000000006,0.0
62.5,0.0
62.6,0.0
62.7,0.0
62.800000000000004,0.0
62.900000000000006,0.0
63.0,0.0
63.1,0.0
63.2,0.0
63.300000000000004,0.0
63.400000000000006,0.0
63.5,0.0
63.6,0.0
63.7,0.0
63.800000000000004,0.0
63.900000000000006,0.0
64.0,0.0
64.10000000000001,0.0
64.2,0.0
64.3,0.0
64.4,0.0
64.5,0.0
64.60000000000001,0.0
64.7,0.0
64.8,0.0
64.9,0.0
65.0,0.0
65.10000000000001,0.0
65.2,0.0
65.3,0.0
65.4,0.0
65.5,0.0
65.60000000000001,0.0
65.7,0.0
65.8,0.0
65.9,0.0
66.0,0.0
66.10000000000001,0.0
66.2,0.0
66.3,0.0
66.4,0.0
66.5,0.0
66.60000000000001,0.0
66.7,0.0
66.8,0.0
66.9,0.0
67.0,0.0
67.10000000000001,0.0
67.2,0.0
67.3,0.0
67.4,0.0
67.5,0.0
67.60000000000001,0.0
67.7,0.0
67.8,0.0
67.9,0.0
68.0,0.0
68.10000000000001,0.0
68.2,0.0
68.3,0.0
68.4,0.0
68.5,0.0
68.60000000000001,0.0
68.7,0.0
68.8,0.0
68.9,0.0
69.0,0.0
69.10000000000001,0.0
69.2,0.0
69.3,0.0
69.4,0.0
69.5,0.0
69.60000000000001,0.0
69.7,0.0
69.8,0.0
69.9,0.0
70.0,0.0
70.10000000000001,0.0
70.2,0.0
70.3,0.0
70.4,0.0
70.5,0.0
70.60000000000001,0.0
70.7,0.0
70.8,0.0
70.9,0.0
71.0,0.0
71.10000000000001,0.0
71.2,0.0
71.3,0.0
71.4,0.0
71.5,0.0
71.60000000000001,0.0
71.7,0.0
71.8,0.0
71.9,0.0
72.0,0.0
72.10000000000001,0.0
72.2,0.0
72.3,0.0
72.4,0.0
72.5,0.0
72.60000000000001,0.0
72.7,0.0
72.8,0.0
72.9,0.0
73.0,0.0
73.10000000000001,0.0
73.2,0.0
73.3,0.0
73.4,0.0
73.5,0.0
73.60000000000001,0.0
73.7,0.0
73.8,0.0
73.9,0.0
74.0,0.0
74.10000000000001,0.0
74.2,0.0
74.3,0.0
74.4,0.0
74.5,0.0
74.60000000000001,0.0
74.7,0.0
74.8,0.0
74.9,0.0
75.0,0.0
75.10000000000001,0.0
75.2,0.0
75.3,0.0
75.4,0.0
75.5,0.0
75.60000000000001,0.0
75.7,0.0
75.8,0.0
75.9,0.0
76.0,0.0
76.10000000000001,0.0
76.2,0.0
76.3,0.0
76.4,0.0
76.5,0.0
76.60000000000001,0.0
76.7,0.0
76.80000000000001,0.0
76.9,0.0
77.0,0.0
77.10000000000001,0.0
77.2,0.0
77.30000000000001,0.0
77.4,0.0
77.5,0.0
77.60000000000001,0.0
77.7,0.0
77.80000000000001,0.0
77.9,0.0
78.0,0.0
78.10000000000001,0.0
78.2,0.0
78.30000000000001,0.0
78.4,0.0
78.5,0.0
78.60000000000001,0.0
78.7,0.0
78.80000000000001,0.0
78.9,0.0
79.0,0.0
79.10000000000001,0.0
79.2,0.0
79.30000000000001,0.0
79.4,0.0
79.5,0.0
79.60000000000001,0.0
79.7,0.0
79.80000000000001,0.0
79.9,0.0
80.0,0.0
80.10000000000001,0.0
80.2,0.0
80.30000000000001,0.0
80.4,0.0
80.5,0.0
80.60000000000001,0.0
80.7,0.0
80.80000000000001,0.0
80.9,0.0
81.0,0.0
81.10000000000001,0.0
81.2,0.0
81.30000000000001,0.0
81.4,0.0
81.5,0.0
81.60000000000001,0.0
81.7,0.0
81.80000000000001,0.0
81.9,0.0
82.0,0.0
82.10000000000001,0.0
82.2,0.0
82.30000000000001,0.0
82.4,0.0
82.5,0.0
82.60000000000001,0.0
82.7,0.0
82.80000000000001,0.0
82.9,0.0
83.0,0.0
83.10000000000001,0.0
83.2,0.0
83.30000000000001,0.0
83.4,0.0
83.5,0.0
83.60000000000001,0.0
83.7,0.0
83.80000000000001,0.0
83.9,0.0
84.0,0.0
84.10000000000001,0.0
84.2,0.0
84.30000000000001,0.0
84.4,0.0
84.5,0.0
84.60000000000001,0.0
84.7,0.0
84.80000000000001,0.0
84.9,0.0
85.0,0.0
85.10000000000001,0.0
85.2,0.0
85.30000000000001,0.0
85.4,0.0
85.5,0.0
85.60000000000001,0.0
85.7,0.0
85.80000000000001,0.0
85.9,0.0
86.0,0.0
86.10000000000001,0.0
86.2,0.0
86.30000000000001,0.0
86.4,0.0
86.5,0.0
86.60000000000001,0.0
86.7,0.0
86.80000000000001,0.0
86.9,0.0
87.0,0.0
87.10000000000001,0.0
87.2,0.0
87.30000000000001,0.0
87.4,0.0
87.5,0.0
87.60000000000001,0.0
87.7,0.0
87.80000000000001,0.0
87.9,0.0
88.0,0.0
88.10000000000001,0.0
88.2,0.0
88.30000000000001,0.0
88.4,0.0
88.5,0.0
88.60000000000001,0.0
88.7,0.0
88.80000000000001,0.0
88.9,0.0
89.0,0.0
89.10000000000001,0.0
89.2,0.0
89.30000000000001,0.0
89.4,0.0
89.5,0.0
89.60000000000001,0.0
89.7,0.0
89.80000000000001,0.0
89.9,0.0
90.0,0.0
90.10000000000001,0.0
90.2,0.0
90.30000000000001,0.0
90.4,0.0
90.5,0.0
90.60000000000001,0.0
90.7,0.0
90.80000000000001,0.0
90.9,0.0
91.0,0.0
91.10000000000001,0.0
91.2,0.0
91.30000000000001,0.0
91.4,0.0
91.5,0.0
91.60000000000001,0.0
91.7,0.0
91.80000000000001,0.0
91.9,0.0
92.0,0.0
92.10000000000001,0.0
92.2,0.0
92.30000000000001,0.0
92.4,0.0
92.5,0.0
92.60000000000001,0.0
92.7,0.0
92.80000000000001,0.0
92.9,0.0
93.0,0.0
93.10000000000001,0.0
93.2,0.0
93.30000000000001,0.0
93.4,0.0
93.5,0.0
93.60000000000001,0.0
93.7,0.0
93.80000000000001,0.0
93.9,0.0
94.0,0.0
94.10000000000001,0.0
94.2,0.0
94.30000000000001,0.0
94.4,0.0
94.5,0.0
94.60000000000001,0.0
94.7,0.0
94.80000000000001,0.0
94.9,0.0
95.0,0.0
95.10000000000001,0.0
95.2,0.0
95.30000000000001,0.0
95.4,0.0
95.5,0.0
95.60000000000001,0.0
95.7,0.0
95.80000000000001,0.0
95.9,0.0
96.0,0.0
96.10000000000001,0.0
96.2,0.0
96.30000000000001,0.0
96.4,0.0
96.5,0.0
96.60000000000001,0.0
96.7,0.0
96.80000000000001,0.0
96.9,0.0
97.0,0.0
97.10000000000001,0.0
97.2,0.0
97.30000000000001,0.0
97.4,0.0
97.5,0.0
97.60000000000001,0.0
97.7,0.0
97.80000000000001,0.0
97.9,0.0
98.0,0.0
98.10000000000001,0.0
98.2,0.0
98.30000000000001,0.0
98.4,0.0
98.5,0.0
98.60000000000001,0.0
98.7,0.0
98.80000000000001,0.0
98.9,0.0
99.0,0.0
99.10000000000001,0.0
99.2,0.0
99.30000000000001,0.0
99.4,0.0
99.5,0.0
99.60000000000001,0.0
99.7,0.0
99.80000000000001,0.0
99.9,0.0
100.0,0.0
100.09999925926091,0.0003333320987675137
100.19999407412675,0.0013333135803641483
100.2999800004,0.002999900001332989
100.39995259427816,0.005333017291441422
100.4999074125513,0.008332561756972723
100.5998400127995,0.01199840008533215
100.69974595359032,0.016330369350972873
100.79962079467617,0.021328277022643505
100.89946009719166,0.02699190097193771
100.99925942385089,0.03332098948316542
101.09901433914465,0.040315261264545654
101.19872040953759,0.047974405460708525
101.29837320366518,0.05629808166650463
101.39796829253079,0.06528591994213784
101.49750124970241,0.07493752082961258
101.59696765150943,0.08525245537047432
101.69636307723925,0.09623026512488941
101.79568310933378,0.10787046219200391
101.89492333358568,0.1201725292316489
101.99407933933469,0.13313591948730696
102.09314671966352,0.14676005681043947
102.19212107159382,0.16104433568607313
102.29099799628176,0.17598812125971897
102.38977309921367,0.19159074936559328
102.4884419904012,0.20785152655611938
102.58700028457656,0.22476973013277224
102.68544360138733,0.24234460817817371
102.7837675655912,0.2605753795895289
102.8819678072504,0.27946123411332735
102.98003996192588,0.29900133238136917
103.07797967087139,0.3191948059480598
103.17578258122707,0.34004075732900496
103.27344434621301,0.36153826004091094
103.3709606253224,0.38368635864275014
103.46832708451444,0.40648406877823184
103.56553939640699,0.42993037721954686
103.66259324046882,0.45402424191240165
103.75948430321176,0.47876459202233157
103.85620827838228,0.5041503279822912
103.95276086715299,0.5301803215415308
104.04913777831358,0.5568534158157288
104.14533472846166,0.5841684253384258
104.24134744219306,0.6121241361136853
104.33717165229186,0.6407193056700837
104.43280309992005,0.6699526631158967
104.5282375348068,0.6998229091956087
104.6234707154374,0.7303287163476426
104.71849840924172,0.7614687287633721
104.81331639278233,0.793241562447367
104.90792045194223,0.8256458052789171
105.00230638211217,0.8586800170747892
105.09646998837744,0.892342729653226
105.19040708570435,0.9266324468992124
105.2841134991263,0.9615476448309579
105.3775850639292,0.9970867716676359
105.47081762583669,1.0332482478983476
105.56380704119469,1.0700304663523248
105.6565491771556,1.1074317922703578
105.74903991186196,1.1454505633774499
105.8412751346297,1.1840850899566995
105.93325074613077,1.2233336549243976
106.02496265857533,1.2631945139063383
106.1164067958935,1.3036658953153495
106.20757909391644,1.3447460004300336
106.29847550055703,1.3864330034746999
106.38909197598993,1.4287250517005212
106.47942449283116,1.4716202654678714
106.56946903631706,1.5151167383298638
106.65922160448274,1.5592125371170908
106.74867820833992,1.6039057020235283
106.83783487205432,1.64919424669365
106.92668763312219,1.6950761583107052
107.01523254254654,1.7415493976861676
107.10346566501266,1.788611899350391
107.19138307906297,1.836261571644373
107.27898087727132,1.884496296812749
107.36625516641664,1.9333139310978957
107.45320206765598,1.9827123048352124
107.53981771669697,2.0326892225495534
107.62609826396945,2.0832424630528035
107.71203987479663,2.1343697795425953
107.7976387295655,2.1860688997021676
107.88289102389663,2.238337525801356
107.96779296881319,2.2911733347987138
108.05234079090934,2.344573978444762
108.13653073251807,2.398537083386353
108.22035905187803,2.4530602512721487
108.30382202329994,2.5081410588592146
108.38691593733213,2.5637770581207313
108.46963710092545,2.619965776354773
108.55198183759735,2.6767047162942266
108.63394648759532,2.733991356217768
108.7155274080595,2.791823150061937
108.79672097318465,2.850197527534309
108.87752357438121,2.9091118942277134
108.9579316204358,2.968563631735554
109.0379415376707,3.028550097768168
109.11754977010277,3.089068626270276
109.19675277960143,3.1501165275394616
109.27554704604597,3.2116910883457184
109.35392906748199,3.2737895720520314
109.43189536027694,3.3364092187360157
109.50944245927514,3.399547245312572
109.5865669179516,3.4632008456575765
109.66326530856529,3.5273671907326047
109.73953422231148,3.59204342871066
109.81537026947322,3.6572266851029216
109.89077007957201,3.7229140628865025
109.96573030151761,3.7891026426332033
110.04024760375691,3.855789482639265
110.1143186744221,3.9229716190561064
110.18794022147776,3.9906460660220553
110.26110897286728,4.058809815795058
110.33382167665819,4.127459838886342
110.40607510118673,4.1965930841950705
110.47786603520147,4.2662064791439445
110.54919128800607,4.336296929815756
110.62004768960102,4.4068613210909025
110.6904320908246,4.477896516785833
110.76034136349276,4.549399359792432
110.82977240053823,4.621366672218333
110.89872211614858,4.6937952555281655
110.96718744590335,4.766681890685707
111.03516534691026,4.840023338296943
111.10265279794046,4.913816338754055
111.1696467995628,4.988057612380283
111.23614437427712,5.062743859575685
111.30214256664658,5.1378717609637885
111.36763844342907,5.213437977539122
111.4326290937075,5.289439150815612
111.49711162901926,5.3658719029758455
111.56108318348446,5.442732837021193
111.62454091393344,5.520018536922798
111.6874820000331,5.597725567773383
111.74990364441217,5.675850475939926
111.81180307278562,5.7543897892171465
111.87317753407794,5.833340016981824
111.9340243005454,5.912697650347948
111.99434066789729,5.992459162322646
112.05412395541609,6.072621007962969
112.11337150607663,6.153179624533411
112.1720806866642,6.234131431664277
112.23024888789156,6.315472831510796
112.2878735245149,6.397200208913031
112.3449520354487,6.47930993155655
112.4014818838797,6.561798350133865
112.45746055737948,6.6446617985066165
112.51288556801619,6.7278965938685165
112.56775445246518,6.8114990369090265
112.62206477211836,6.895465411977776
112.67581411319273,6.979791987249692
112.72900008683749,7.064475014890868
112.78162032924037,7.149510731225124
112.83367250173258,7.234895356901288
112.8851542908928,7.320625097061163
112.93606340865,7.406696141508188
112.98639759238509,7.493104664876775
113.03615460503153,7.579846826802334
113.08533223517472,7.666918772091946
113.1339282971503,7.754316630895708
113.18194063114132,7.842036518878728
113.22936710327413,7.930074537393755
113.27620560571337,8.01842677365446
113.3224540567555,8.107089300909328
113.36811040092145,8.19605817861619
113.41317260904786,8.285329452617347
113.45763867837736,8.374899155315315
113.5015066326475,8.464763305849164
113.54477452217866,8.55491791027144
113.58744042396064,8.645358961725675
113.62950244173817,8.736082440624472
113.67095870609516,8.827084314828141
113.7118073745378,8.918360539823928
113.75204663157643,9.009907058905739
113.79167468880625,9.101719803354468
113.8306897849868,9.193794692618805
113.86909018612023,9.286127634496609
113.90687418552837,9.378714525316767
113.94404010392856,9.471551250121598
113.98058628950832,9.564633682849726
114.01651111799879,9.657957686519463
114.05181299274679,9.751519113412673
114.08649034478594,9.84531380525912
114.12054163290632,9.939337593421271
114.15396534372293,10.033586299079573
114.18675999174302,10.128055733418178
114.21892411943207,10.22274169781111
114.2504562972786,10.317639984008874
114.28135512385768,10.412746374325478
114.3116192258932,10.508056641825899
114.34124725831893,10.603566550513936
114.37023790433832,10.699271855520479
114.39858987548298,10.795168303292176
114.42630191167,10.891251631780461
114.45337278125784,10.987517570630999
114.47980128110123,11.083961841373462
114.50558623660451,11.180580157611693
114.53072650177393,11.277368225214211
114.55522095926848,11.374321742505051
114.57906852044964,11.471436400454962
114.60226812542975,11.568707882872909
114.62481874311904,11.666131866597908
114.64671937127157,11.763704021691161
114.6679690365297,11.861420011628507
114.68856679446735,11.959275493493141
114.708511729632,12.057266118168647
114.72780295558536,12.155387530532277
114.7464396149428,12.253635369648526
114.76442087941142,12.352005268962936
114.78174594982687,12.450492856496176
114.79841405618886,12.549093755038344
114.81442445769541,12.647803582343514
114.82977644277577,12.746617951324499
114.84446932912199,12.845532470247832
114.85850246371935,12.944542742928954
114.87187522287527,13.0436443689276
114.8845870122471,13.14283294374337
114.89663726686852,13.242104059011492
114.90802545117465,13.341453302698735
114.91875105902582,13.440876259299515
114.92881361373013,13.540368510032124
114.93821266806458,13.63992563303513
114.94694780429496,13.7395432035639
114.95501863419445,13.83921679418725
114.9624247990608,13.938941974984228
114.96916596973237,14.038714313740991
114.97524184660267,14.138529376147797
114.98065215963373,14.23838272599608
114.9853966683681,14.338269925375617
114.98947516193948,14.438186534871765
114.99288745908218,14.538128113762772
114.9956334081391,14.63809022021714
114.99771288706852,14.738068411491037
114.99912580344949,14.838058244125751
114.99987209448597,14.938055274145178
114.99995172700957,15.038055057253338
114.9993646974811,15.138053149031883
114.99811103199066,15.23804510513764
114.9961907862565,15.338026481500131
114.99360404562259,15.437992834519086
114.99035092505471,15.537939721261939
114.98643156913549,15.637862699661284
114.98184615205787,15.73775732871231
114.97659487761742,15.837619168670166
114.97067797920323,15.937443781247296
114.96409571978762,16.03722672981068
114.95684839191435,16.13696357957903
114.94893631768568,16.23664989781989
114.94035984874807,16.336281254046632
114.9311193662765,16.43585322021538
114.92121528095755,16.535361370921805
114.91064803297117,16.634801283597813
114.89941809197107,16.734168538708097
114.88752595706391,16.833458719946563
114.87497215678707,16.932667414432615
114.86175724908513,17.031790212907268
114.84788182128516,17.13082270992913
114.83334649007057,17.229760504070196
114.81815190145366,17.32859919811145
114.802298730747,17.42733439923832
114.78578768253335,17.525961719235895
114.76861949063434,17.624476774683963
114.7507949180779,17.72287518715184
114.73231475706433,17.821152583392937
114.71317982893106,17.91930459553916
114.6933909841162,18.017326861295015
114.67294910212073,18.11521502413149
114.65185509146933,18.212964733479687
114.63010988967014,18.310571644924163
114.607714463173,18.40803142039604
114.58466980732648,18.505339728365776
114.56097694633374,18.60249224403571
114.53663693320692,18.69948464953224
114.51165084972037,18.79631263409776
114.48601980636256,18.892971894282226
114.45974494228679,18.989458134134434
114.43282742526046,19.085767065392933
114.40526845161321,19.181894407676634
114.3770692461838,19.27783588867504
114.34823106226558,19.373587244338115
114.3187551815509,19.469144219065818
114.28864291407402,19.564502565897225
114.257895598153,19.659658046699285
114.22651460033015,19.754606432355175
114.19450131531131,19.849343502952276
114.1618571659039,19.943865047969716
114.1285836029536,20.03816686646549
114.09468210527997,20.1322447672632
114.06015417961066,20.226094569138283
114.02500136051447,20.319712101003887
113.98922521033312,20.41309320209623
113.95282731911183,20.506233722159525
113.91580930452866,20.59912952163043
113.87817281182264,20.691776471822042
113.83991951372056,20.784170455107375
113.80105111036269,20.876307365102384
113.76156932922727,20.968183106848464
113.7214759250536,21.059793596994428
113.68077267976415,21.15113476397802
113.63946140238535,21.24220254820686
113.59754392896718,21.332992902238857
113.55502212250155,21.4235017909621
113.51189787283954,21.513725191774228
113.46817309660736,21.603659094761163
113.42384973712119,21.693299502875348
113.37892976430084,21.782642432113402
113.33341517458214,21.871683911693175
113.28730799082825,21.960419984230242
113.24061026223976,22.048846705913757
113.19332406426358,22.13696014668175
113.14545149850072,22.224756390395807
113.0969946926129,22.312231535015112
113.04795580022795,22.39938169276985
112.99833700084415,22.48620299033402
112.94814049973327,22.572691568997584
112.89736852784267,22.658843584837946
112.84602334169608,22.74465520889081
112.79410722329331,22.830122627320335
112.74162248000887,22.91524204158866
112.68857144448936,23.000009668624728
112.63495647454985,23.084421740992397
112.5807799530691,23.168474507057894
112.52604428788355,23.252164231156573
112.47075191168042,23.335487193758915
112.41490528188959,23.418439691635854
112.35850688057427,23.501018038023346
112.3015592143208,23.583218562786275
112.2440648141272,23.665037612581514
112.18602623529067,23.746471551020306
112.12744605729405,23.827516758829915
112.06832688369117,23.908169634014435
112.00867134199113,23.988426592014925
111.9484820835415,24.068284065868674
111.88776178341055,24.14773850636777
111.82651314026828,24.226786382216822
111.7647388762665,24.305424180189924
111.70244173691793,24.383648405286777
111.63962449097406,24.461455580888018
111.57628993030211,24.53884224890977
111.51244086976104,24.61580496995731
111.44808014707637,24.692340323477918
111.38321062271406,24.768444907912922
111.3178351797534,24.84411534084888
111.25195672375888,24.9193482591679
111.18557818265103,24.994140319197104
111.11870250657631,25.06848819685724
111.051332667776,25.14238858781043
110.98347166045401,25.215838207607028
110.91512250064399,25.288833791831575
110.84628822607512,25.361372096247887
110.77697189603714,25.433449896943273
110.70717659124443,25.505063990471793
110.63690541369905,25.576211193996627
110.5661614865529,25.646888345431556
110.49494795396883,25.717092303581474
110.42326798098105,25.786819948282037
110.3511247533543,25.85606818053828
110.27852147744242,25.92483392266239
110.20546138004569,25.99311411841048
110.13194770826753,26.060905733118435
110.05798372937015,26.12820575383675
109.98357273062932,26.195011189464466
109.90871801918829,26.261319070882116
109.8334229219108,26.327126451083668
109.75769078523322,26.392430405307493
109.68152497501585,26.457228031166373
109.60492887639325,26.521516448776495
109.52790589362385,26.585292800885437
109.45045944993868,26.648554252999162
109.37259298738914,26.71129799350798
109.29430996669407,26.773521233811536
109.21561386708598,26.835221208442732
109.1365081861563,26.896395175190627
109.0569964397001,26.95704041522231
108.97708216155965,27.017154233203776
108.89676890346752,27.076733957419677
108.81606023488858,27.135776939892075
108.73495974286155,27.19428055649813
108.65347103183933,27.25224220708673
108.57159772352902,27.309659315594075
108.48934345673086,27.366529330158116
108.40671188717648,27.42284972323201
108.3237066873665,27.478617991696446
108.24033154640722,27.533831656970897
108.15659016984677,27.58848826512378
108.0724862795103,27.642585386981494
107.98802361333466,27.69612061823642
107.9032059252022,27.74909157955377
107.81803698477401,27.801495916677304
107.7325205773223,27.853331300534002
107.64666050356223,27.90459542733756
107.56046057948292,27.95528601869078
107.47392463617793,28.005400821686838
107.38705651967494,28.054937609009396
107.29986009076482,28.103894179031624
107.21233922483007,28.15226835591403
107.12449781167255,28.200057989701143
107.0363397553406,28.24726095641712
106.94786897395554,28.29387515816009
106.85908939953754,28.339898523195437
106.77000497783085,28.385329006047836
106.68061966812843,28.4301645875922
106.59093744309602,28.474403275143388
106.5009622885955,28.518043102544805
106.41069820350782,28.56108213025574
106.32014919955525,28.603518445437604
106.22931930112306,28.64535016203893
106.13821254508065,28.6865754208792
106.04683298060219,28.72719238973147
105.95518466898663,28.767199263403818
105.86327168347718,28.80659426381954
105.77109810908026,28.845375640096236
105.67866804238402,28.88354166862355
105.58598559137623,28.92109065313983
105.49305487526165,28.95802092480751
105.39988002427903,28.994330842287255
105.30646517951755,29.03001879181093
105.21281449273268,29.065083187253325
105.11893212616177,29.099522470202633
105.02482225233898,29.13333511002973
104.93048905390988,29.166519603956182
104.83593672344556,29.19907447712106
104.74116946325621,29.230998282646468
104.6461914852045,29.262289601701866
104.55100701051825,29.292947043567107
104.4556202696029,29.322969245694267
104.36003550185345,29.352354873768192
104.26425695546604,29.381102621765812
104.16828888724922,29.409211212014164
104.07213556243467,29.436679395247197
103.97580125448764,29.46350595066129
103.87929024491709,29.48968968596951
103.78260682308533,29.515229437454593
103.68575528601741,29.540124070020678
103.58873993821017,29.56437247724375
103.49156509144085,29.587973581420815
103.39423506457553,29.610926333617797
103.29675418337719,29.63322971371614
103.19912678031336,29.654882730458194
103.10135719436369,29.67588442149122
103.00344977082699,29.696233853410178
102.90540886112822,29.715930121799218
102.80723882262498,29.734972351271892
102.70894401841394,29.753359695510014
102.61052881713688,29.771091337301314
102.51199759278657,29.78816648857574
102.41335472451229,29.80458439044049
102.31460459642528,29.820344313213745
102.2157515974039,29.83544555645708
102.11680012089846,29.849887449006616
102.01775456473611,29.863669349002844
101.91861933092522,29.876790643919136
101.8193988254599,29.889250750589
101.72009745812406,29.90104911523196
101.62071964229544,29.912185213478196
101.52126979474949,29.922658550391844
101.42175233546308,29.932468660492987
101.32217168741803,29.941615107778347
101.22253227640451,29.95009748574066
101.12283853082438,29.957915417386747
101.02309488149437,29.965068555254266
100.92330576144917,29.971556581427155
100.82347560574432,29.977379207549767
100.72360885125921,29.98253617483967
100.62370993649984,29.98702725409917
100.5237833014015,29.99085224572549
100.42383338713154,29.994010979719622
100.32386463589192,29.996503315693914
100.2238814907218,29.99832914287829
100.12388839530004,29.99948838012517
100.02388979374778,29.999980975913093
100.0,30.0
99.9,30.0
99.80000000000001,30.0
99.70000000000002,30.0
99.60000000000002,30.0
99.50000000000003,30.0
99.40000000000003,30.0
99.30000000000004,30.0
99.20000000000005,30.0
99.10000000000005,30.0
99.00000000000006,30.0
98.90000000000006,30.0
98.80000000000007,30.0
98.70000000000007,30.0
98.60000000000008,30.0
98.50000000000009,30.0
98.40000000000009,30.0
98.3000000000001,30.0
98.2000000000001,30.0
98.10000000000011,30.0
98.00000000000011,30.0
97.90000000000012,30.0
97.80000000000013,30.0
97.70000000000013,30.0
97.60000000000014,30.0
97.50000000000014,30.0
97.40000000000015,30.0
97.30000000000015,30.0
97.20000000000016,30.0
97.10000000000016,30.0
97.00000000000017,30.0
96.90000000000018,30.0
96.80000000000018,30.0
96.70000000000019,30.0
96.6000000000002,30.0
96.5000000000002,30.0
96.4000000000002,30.0
96.30000000000021,30.0
96.20000000000022,30.0
96.10000000000022,30.0
96.00000000000023,30.0
95.90000000000023,30.0
95.80000000000024,30.0
95.70000000000024,30.0
95.60000000000025,30.0
95.50000000000026,30.0
95.40000000000026,30.0
95.30000000000027,30.0
95.20000000000027,30.0
95.10000000000028,30.0
95.00000000000028,30.0
94.90000000000029,30.0
94.8000000000003,30.0
94.7000000000003,30.0
94.6000000000003,30.0
94.50000000000031,30.0
94.40000000000032,30.0
94.30000000000032,30.0
94.20000000000033,30.0
94.10000000000034,30.0
94.00000000000034,30.0
93.90000000000035,30.0
93.80000000000035,30.0
93.70000000000036,30.0
93.60000000000036,30.0
93.50000000000037,30.0
93.40000000000038,30.0
93.30000000000038,30.0
93.20000000000039,30.0
93.10000000000039,30.0
93.0000000000004,30.0
92.9000000000004,30.0
92.80000000000041,30.0
92.70000000000041,30.0
92.60000000000042,30.0
92.50000000000043,30.0
92.40000000000043,30.0
92.30000000000044,30.0
92.20000000000044,30.0
92.10000000000045,30.0
92.00000000000045,30.0
91.90000000000046,30.0
91.80000000000047,30.0
91.70000000000047,30.0
91.60000000000048,30.0
91.50000000000048,30.0
91.40000000000049,30.0
91.3000000000005,30.0
91.2000000000005,30.0
91.1000000000005,30.0
91.00000000000051,30.0
90.90000000000052,30.0
90.80000000000052,30.0
90.70000000000053,30.0
90.60000000000053,30.0
90.50000000000054,30.0
90.40000000000055,30.0
90.30000000000055,30.0
90.20000000000056,30.0
90.10000000000056,30.0
90.00000000000057,30.0
89.90000000000057,30.0
89.80000000000058,30.0
89.70000000000059,30.0
89.60000000000059,30.0
89.5000000000006,30.0
89.4000000000006,30.0
89.30000000000061,30.0
89.20000000000061,30.0
89.10000000000062,30.0
89.00000000000063,30.0
88.90000000000063,30.0
88.80000000000064,30.0
88.70000000000064,30.0
88.60000000000065,30.0
88.50000000000065,30.0
88.40000000000066,30.0
88.30000000000067,30.0
88.20000000000067,30.0
88.10000000000068,30.0
88.00000000000068,30.0
87.90000000000069,30.0
87.8000000000007,30.0
87.7000000000007,30.0
87.6000000000007,30.0
87.50000000000071,30.0
87.40000000000072,30.0
87.30000000000072,30.0
87.20000000000073,30.0
87.10000000000073,30.0
87.00000000000074,30.0
86.90000000000074,30.0
86.80000000000075,30.0
86.70000000000076,30.0
86.60000000000076,30.0
86.50000000000077,30.0
86.40000000000077,30.0
86.30000000000078,30.0
86.20000000000078,30.0
86.10000000000079,30.0
86.0000000000008,30.0
85.9000000000008,30.0
85.80000000000081,30.0
85.70000000000081,30.0
85.60000000000082,30.0
85.50000000000082,30.0
85.40000000000083,30.0
85.30000000000084,30.0
85.20000000000084,30.0
85.10000000000085,30.0
85.00000000000085,30.0
84.90000000000086,30.0
84.80000000000086,30.0
84.70000000000087,30.0
84.60000000000088,30.0
84.50000000000088,30.0
84.40000000000089,30.0
84.30000000000089,30.0
84.2000000000009,30.0
84.1000000000009,30.0
84.00000000000091,30.0
83.90000000000092,30.0
83.80000000000092,30.0
83.70000000000093,30.0
83.60000000000093,30.0
83.50000000000094,30.0
83.40000000000094,30.0
83.30000000000095,30.0
83.20000000000095,30.0
83.10000000000096,30.0
83.00000000000097,30.0
82.90000000000097,30.0
82.80000000000098,30.0
82.70000000000098,30.0
82.60000000000099,30.0
82.500000000001,30.0
82.400000000001,30.0
82.300000000001,30.0
82.20000000000101,30.0
82.10000000000102,30.0
82.00000000000102,30.0
81.90000000000103,30.0
81.80000000000103,30.0
81.70000000000104,30.0
81.60000000000105,30.0
81.50000000000105,30.0
81.40000000000106,30.0
81.30000000000106,30.0
81.20000000000107,30.0
81.10000000000107,30.0
81.00000000000108,30.0
80.90000000000109,30.0
80.80000000000109,30.0
80.7000000000011,30.0
80.6000000000011,30.0
80.50000000000111,30.0
80.40000000000111,30.0
80.30000000000112,30.0
80.20000000000113,30.0
80.10000000000113,30.0
80.00000000000114,30.0
79.90000000000114,30.0
79.80000000000115,30.0
79.70000000000115,30.0
79.60000000000116,30.0
79.50000000000117,30.0
79.40000000000117,30.0
79.30000000000118,30.0
79.20000000000118,30.0
79.10000000000119,30.0
79.0000000000012,30.0
78.9000000000012,30.0
78.8000000000012,30.0
78.70000000000121,30.0
78.60000000000122,30.0
78.50000000000122,30.0
78.40000000000123,30.0
78.30000000000123,30.0
78.20000000000124,30.0
78.10000000000124,30.0
78.00000000000125,30.0
77.90000000000126,30.0
77.80000000000126,30.0
77.70000000000127,30.0
77.60000000000127,30.0
77.50000000000128,30.0
77.40000000000128,30.0
77.30000000000129,30.0
77.2000000000013,30.0
77.1000000000013,30.0
77.00000000000131,30.0
76.90000000000131,30.0
76.80000000000132,30.0
76.70000000000132,30.0
76.60000000000133,30.0
76.50000000000134,30.0
76.40000000000134,30.0
76.30000000000135,30.0
76.20000000000135,30.0
76.10000000000136,30.0
76.00000000000136,30.0
75.90000000000137,30.0
75.80000000000138,30.0
75.70000000000138,30.0
75.60000000000139,30.0
75.50000000000139,30.0
75.4000000000014,30.0
75.3000000000014,30.0
75.20000000000141,30.0
75.10000000000142,30.0
75.00000000000142,30.0
74.90000000000143,30.0
74.80000000000143,30.0
74.70000000000144,30.0
74.60000000000144,30.0
74.50000000000145,30.0
74.40000000000146,30.0
74.30000000000146,30.0
74.20000000000147,30.0
74.10000000000147,30.0
74.00000000000148,30.0
73.90000000000148,30.0
73.80000000000149,30.0
73.7000000000015,30.0
73.6000000000015,30.0
73.5000000000015,30.0
73.40000000000151,30.0
73.30000000000152,30.0
73.20000000000152,30.0
73.10000000000153,30.0
73.00000000000153,30.0
72.90000000000154,30.0
72.80000000000155,30.0
72.70000000000155,30.0
72.60000000000156,30.0
72.50000000000156,30.0
72.40000000000157,30.0
72.30000000000157,30.0
72.20000000000158,30.0
72.10000000000159,30.0
72.00000000000159,30.0
71.9000000000016,30.0
71.8000000000016,30.0
71.70000000000161,30.0
71.60000000000161,30.0
71.50000000000162,30.0
71.40000000000163,30.0
71.30000000000163,30.0
71.20000000000164,30.0
71.10000000000164,30.0
71.00000000000165,30.0
70.90000000000165,30.0
70.80000000000166,30.0
70.70000000000167,30.0
70.60000000000167,30.0
70.50000000000168,30.0
70.40000000000168,30.0
70.30000000000169,30.0
70.2000000000017,30.0
70.1000000000017,30.0
70.0000000000017,30.0
69.90000000000171,30.0
69.80000000000172,30.0
69.70000000000172,30.0
69.60000000000173,30.0
69.50000000000173,30.0
69.40000000000174,30.0
69.30000000000175,30.0
69.20000000000175,30.0
69.10000000000176,30.0
69.00000000000176,30.0
68.90000000000177,30.0
68.80000000000177,30.0
68.70000000000178,30.0
68.60000000000178,30.0
68.50000000000179,30.0
68.4000000000018,30.0
68.3000000000018,30.0
68.20000000000181,30.0
68.10000000000181,30.0
68.00000000000182,30.0
67.90000000000182,30.0
67.80000000000183,30.0
67.70000000000184,30.0
67.60000000000184,30.0
67.50000000000185,30.0
67.40000000000185,30.0
67.30000000000186,30.0
67.20000000000186,30.0
67.10000000000187,30.0
67.00000000000188,30.0
66.90000000000188,30.0
66.80000000000189,30.0
66.70000000000189,30.0
66.6000000000019,30.0
66.5000000000019,30.0
66.40000000000191,30.0
66.30000000000192,30.0
66.20000000000192,30.0
66.10000000000193,30.0
66.00000000000193,30.0
65.90000000000194,30.0
65.80000000000194,30.0
65.70000000000195,30.0
65.60000000000196,30.0
65.50000000000196,30.0
65.40000000000197,30.0
65.30000000000197,30.0
65.20000000000198,30.0
65.10000000000198,30.0
65.00000000000199,30.0
64.900000000002,30.0
64.800000000002,30.0
64.700000000002,30.0
64.60000000000201,30.0
64.50000000000202,30.0
64.40000000000202,30.0
64.30000000000203,30.0
64.20000000000203,30.0
64.10000000000204,30.0
64.00000000000205,30.0
63.90000000000205,30.0
63.80000000000206,30.0
63.70000000000206,30.0
63.60000000000207,30.0
63.500000000002075,30.0
63.40000000000208,30.0
63.300000000002086,30.0
63.20000000000209,30.0
63.1000000000021,30.0
63.0000000000021,30.0
62.90000000000211,30.0
62.800000000002115,30.0
62.70000000000212,30.0
62.600000000002126,30.0
62.50000000000213,30.0
62.40000000000214,30.0
62.30000000000214,30.0
62.20000000000215,30.0
62.100000000002154,30.0
62.00000000000216,30.0
61.900000000002166,30.0
61.80000000000217,30.0
61.70000000000218,30.0
61.60000000000218,30.0
61.50000000000219,30.0
61.400000000002194,30.0
61.3000000000022,30.0
61.200000000002206,30.0
61.10000000000221,30.0
61.00000000000222,30.0
60.90000000000222,30.0
60.80000000000223,30.0
60.700000000002234,30.0
60.60000000000224,30.0
60.500000000002245,30.0
60.40000000000225,30.0
60.30000000000226,30.0
60.20000000000226,30.0
60.10000000000227,30.0
60.000000000002274,30.0
59.90000000000228,30.0
59.800000000002285,30.0
59.70000000000229,30.0
59.6000000000023,30.0
59.5000000000023,30.0
59.40000000000231,30.0
59.30000000000231,30.0
59.20000000000232,30.0
59.100000000002325,30.0
59.00000000000233,30.0
58.900000000002336,30.0
58.80000000000234,30.0
58.70000000000235,30.0
58.60000000000235,30.0
58.50000000000236,30.0
58.400000000002365,30.0
58.30000000000237,30.0
58.200000000002376,30.0
58.10000000000238,30.0
58.00000000000239,30.0
57.90000000000239,30.0
57.8000000000024,30.0
57.700000000002404,30.0
57.60000000000241,30.0
57.500000000002416,30.0
57.40000000000242,30.0
57.30000000000243,30.0
57.20000000000243,30.0
57.10000000000244,30.0
57.000000000002444,30.0
56.90000000000245,30.0
56.800000000002456,30.0
56.70000000000246,30.0
56.60000000000247,30.0
56.50000000000247,30.0
56.40000000000248,30.0
56.300000000002484,30.0
56.20000000000249,30.0
56.100000000002495,30.0
56.0000000000025,30.0
55.90000000000251,30.0
55.80000000000251,30.0
55.70000000000252,30.0
55.600000000002524,30.0
55.50000000000253,30.0
55.400000000002535,30.0
55.30000000000254,30.0
55.20000000000255,30.0
55.10000000000255,30.0
55.00000000000256,30.0
54.900000000002564,30.0
54.80000000000257,30.0
54.700000000002575,30.0
54.60000000000258,30.0
54.500000000002586,30.0
54.40000000000259,30.0
54.3000000000026,30.0
54.2000000000026,30.0
54.10000000000261,30.0
54.000000000002615,30.0
53.90000000000262,30.0
53.800000000002626,30.0
53.70000000000263,30.0
53.60000000000264,30.0
53.50000000000264,30.0
53.40000000000265,30.0
53.300000000002655,30.0
53.20000000000266,30.0
53.100000000002666,30.0
53.00000000000267,30.0
52.90000000000268,30.0
52.80000000000268,30.0
52.70000000000269,30.0
52.600000000002694,30.0
52.5000000000027,30.0
52.400000000002706,30.0
52.30000000000271,30.0
52.20000000000272,30.0
52.10000000000272,30.0
52.00000000000273,30.0
51.900000000002734,30.0
51.80000000000274,30.0
51.700000000002746,30.0
51.60000000000275,30.0
51.50000000000276,30.0
51.40000000000276,30.0
51.30000000000277,30.0
51.200000000002774,30.0
51.10000000000278,30.0
51.000000000002785,30.0
50.90000000000279,30.0
50.8000000000028,30.0
50.7000000000028,30.0
50.60000000000281,30.0
50.500000000002814,30.0
50.40000000000282,30.0
50.300000000002825,30.0
50.20000000000283,30.0
50.10000000000284,30.0
50.00000000000284,30.0
49.90000000000285,30.0
49.80000000000285,30.0
49.70000000000286,30.0
49.600000000002865,30.0
49.50000000000287,30.0
49.400000000002876,30.0
49.30000000000288,30.0
49.20000000000289,30.0
49.10000000000289,30.0
49.0000000000029,30.0
48.900000000002905,30.0
48.80000000000291,30.0
48.700000000002916,30.0
48.60000000000292,30.0
48.50000000000293,30.0
48.40000000000293,30.0
48.30000000000294,30.0
48.200000000002944,30.0
48.10000000000295,30.0
48.000000000002956,30.0
47.90000000000296,30.0
47.80000000000297,30.0
47.70000000000297,30.0
47.60000000000298,30.0
47.500000000002984,30.0
47.40000000000299,30.0
47.300000000002996,30.0
47.200000000003,30.0
47.10000000000301,30.0
47.00000000000301,30.0
46.90000000000302,30.0
46.800000000003024,30.0
46.70000000000303,30.0
46.600000000003035,30.0
46.50000000000304,30.0
46.40000000000305,30.0
46.30000000000305,30.0
46.20000000000306,30.0
46.100000000003064,30.0
46.00000000000307,30.0
45.900000000003075,30.0
45.80000000000308,30.0
45.70000000000309,30.0
45.60000000000309,30.0
45.5000000000031,30.0
45.400000000003104,30.0
45.30000000000311,30.0
45.200000000003115,30.0
45.10000000000312,30.0
45.000000000003126,30.0
44.90000000000313,30.0
44.80000000000314,30.0
44.70000000000314,30.0
44.60000000000315,30.0
44.500000000003155,30.0
44.40000000000316,30.0
44.300000000003166,30.0
44.20000000000317,30.0
44.10000000000318,30.0
44.00000000000318,30.0
43.90000000000319,30.0
43.800000000003195,30.0
43.7000000000032,30.0
43.600000000003206,30.0
43.50000000000321,30.0
43.40000000000322,30.0
43.30000000000322,30.0
43.20000000000323,30.0
43.100000000003234,30.0
43.00000000000324,30.0
42.900000000003246,30.0
42.80000000000325,30.0
42.70000000000326,30.0
42.60000000000326,30.0
42.50000000000327,30.0
42.400000000003274,30.0
42.30000000000328,30.0
42.200000000003286,30.0
42.10000000000329,30.0
42.0000000000033,30.0
41.9000000000033,30.0
41.80000000000331,30.0
41.700000000003314,30.0
41.60000000000332,30.0
41.500000000003325,30.0
41.40000000000333,30.0
41.30000000000334,30.0
41.20000000000334,30.0
41.10000000000335,30.0
41.000000000003354,30.0
40.90000000000336,30.0
40.800000000003365,30.0
40.70000000000337,30.0
40.60000000000338,30.0
40.50000000000338,30.0
40.40000000000339,30.0
40.30000000000339,30.0
40.2000000000034,30.0
40.100000000003405,30.0
40.00000000000341,30.0
39.900000000003416,30.0
39.80000000000342,30.0
39.70000000000343,30.0
39.60000000000343,30.0
39.50000000000344,30.0
39.400000000003445,30.0
39.30000000000345,30.0
39.200000000003456,30.0
39.10000000000346,30.0
39.00000000000347,30.0
38.90000000000347,30.0
38.80000000000348,30.0
38.700000000003485,30.0
38.60000000000349,30.0
38.500000000003496,30.0
38.4000000000035,30.0
38.30000000000351,30.0
38.20000000000351,30.0
38.10000000000352,30.0
38.000000000003524,30.0
37.90000000000353,30.0
37.800000000003536,30.0
37.70000000000354,30.0
37.60000000000355,30.0
37.50000000000355,30.0
37.40000000000356,30.0
37.300000000003564,30.0
37.20000000000357,30.0
37.100000000003575,30.0
37.00000000000358,30.0
36.90000000000359,30.0
36.80000000000359,30.0
36.7000000000036,30.0
36.600000000003604,30.0
36.50000000000361,30.0
36.400000000003615,30.0
36.30000000000362,30.0
36.20000000000363,30.0
36.10000000000363,30.0
36.00000000000364,30.0
35.900000000003644,30.0
35.80000000000365,30.0
35.700000000003655,30.0
35.60000000000366,30.0
35.500000000003666,30.0
35.40000000000367,30.0
35.30000000000368,30.0
35.20000000000368,30.0
35.10000000000369,30.0
35.000000000003695,30.0
34.9000000000037,30.0
34.800000000003706,30.0
34.70000000000371,30.0
34.60000000000372,30.0
34.50000000000372,30.0
34.40000000000373,30.0
34.300000000003735,30.0
34.20000000000374,30.0
34.100000000003746,30.0
34.00000000000375,30.0
33.90000000000376,30.0
33.80000000000376,30.0
33.70000000000377,30.0
33.600000000003774,30.0
33.50000000000378,30.0
33.400000000003786,30.0
33.30000000000379,30.0
33.2000000000038,30.0
33.1000000000038,30.0
33.00000000000381,30.0
32.900000000003814,30.0
32.80000000000382,30.0
32.700000000003826,30.0
32.60000000000383,30.0
32.50000000000384,30.0
32.40000000000384,30.0
32.30000000000385,30.0
32.200000000003854,30.0
32.10000000000386,30.0
32.000000000003865,30.0
31.90000000000387,30.0
31.800000000003877,30.0
31.700000000003882,30.0
31.600000000003888,30.0
31.500000000003894,30.0
31.4000000000039,30.0
31.300000000003905,30.0
31.20000000000391,30.0
31.100000000003917,30.0
31.000000000003922,30.0
30.900000000003928,30.0
30.800000000003934,30.0
30.70000000000394,30.0
30.600000000003945,30.0
30.50000000000395,30.0
30.400000000003956,30.0
30.300000000003962,30.0
30.200000000003968,30.0
30.100000000003973,30.0
30.00000000000398,30.0
29.900000000003985,30.0
29.80000000000399,30.0
29.700000000003996,30.0
29.600000000004002,30.0
29.500000000004007,30.0
29.400000000004013,30.0
29.30000000000402,30.0
29.200000000004025,30.0
29.10000000000403,30.0
29.000000000004036,30.0
28.90000000000404,30.0
28.800000000004047,30.0
28.700000000004053,30.0
28.60000000000406,30.0
28.500000000004064,30.0
28.40000000000407,30.0
28.300000000004076,30.0
28.20000000000408,30.0
28.100000000004087,30.0
28.000000000004093,30.0
27.9000000000041,30.0
27.800000000004104,30.0
27.70000000000411,30.0
27.600000000004115,30.0
27.50000000000412,30.0
27.400000000004127,30.0
27.300000000004133,30.0
27.200000000004138,30.0
27.100000000004144,30.0
27.00000000000415,30.0
26.900000000004155,30.0
26.80000000000416,30.0
26.700000000004167,30.0
26.600000000004172,30.0
26.500000000004178,30.0
26.400000000004184,30.0
26.30000000000419,30.0
26.200000000004195,30.0
26.1000000000042,30.0
26.000000000004206,30.0
25.900000000004212,30.0
25.800000000004218,30.0
25.700000000004223,30.0
25.60000000000423,30.0
25.500000000004235,30.0
25.40000000000424,30.0
25.300000000004246,30.0
25.200000000004252,30.0
25.100000000004258,30.0
25.000000000004263,30.0
24.90000000000427,30.0
24.800000000004275,30.0
24.70000000000428,30.0
24.600000000004286,30.0
24.50000000000429,30.0
24.400000000004297,30.0
24.300000000004303,30.0
24.20000000000431,30.0
24.100000000004314,30.0
24.00000000000432,30.0
23.900000000004326,30.0
23.80000000000433,30.0
23.700000000004337,30.0
23.600000000004343,30.0
23.50000000000435,30.0
23.400000000004354,30.0
23.30000000000436,30.0
23.200000000004366,30.0
23.10000000000437,30.0
23.000000000004377,30.0
22.900000000004383,30.0
22.80000000000439,30.0
22.700000000004394,30.0
22.6000000000044,30.0
22.500000000004405,30.0
22.40000000000441,30.0
22.300000000004417,30.0
22.200000000004422,30.0
22.100000000004428,30.0
22.000000000004434,30.0
21.90000000000444,30.0
21.800000000004445,30.0
21.70000000000445,30.0
21.600000000004457,30.0
21.500000000004462,30.0
21.400000000004468,30.0
21.300000000004474,30.0
21.20000000000448,30.0
21.100000000004485,30.0
21.00000000000449,30.0
20.900000000004496,30.0
20.800000000004502,30.0
20.700000000004508,30.0
20.600000000004513,30.0
20.50000000000452,30.0
20.400000000004525,30.0
20.30000000000453,30.0
20.200000000004536,30.0
20.100000000004542,30.0
20.000000000004547,30.0
19.900000000004553,30.0
19.80000000000456,30.0
19.700000000004565,30.0
19.60000000000457,30.0
19.500000000004576,30.0
19.40000000000458,30.0
19.300000000004587,30.0
19.200000000004593,30.0
19.1000000000046,30.0
19.000000000004604,30.0
18.90000000000461,30.0
18.800000000004616,30.0
18.70000000000462,30.0
18.600000000004627,30.0
18.500000000004633,30.0
18.40000000000464,30.0
18.300000000004644,30.0
18.20000000000465,30.0
18.100000000004655,30.0
18.00000000000466,30.0
17.900000000004667,30.0
17.800000000004673,30.0
17.700000000004678,30.0
17.600000000004684,30.0
17.50000000000469,30.0
17.400000000004695,30.0
17.3000000000047,30.0
17.200000000004707,30.0
17.100000000004712,30.0
17.000000000004718,30.0
16.900000000004724,30.0
16.80000000000473,30.0
16.700000000004735,30.0
16.60000000000474,30.0
16.500000000004746,30.0
16.400000000004752,30.0
16.300000000004758,30.0
16.200000000004763,30.0
16.10000000000477,30.0
16.000000000004775,30.0
15.90000000000478,30.0
15.800000000004786,30.0
15.700000000004792,30.0
15.600000000004798,30.0
15.500000000004803,30.0
15.400000000004809,30.0
15.300000000004815,30.0
15.20000000000482,30.0
15.100000000004826,30.0
15.000000000004832,30.0
14.900000000004837,30.0
14.800000000004843,30.0
14.700000000004849,30.0
14.600000000004854,30.0
14.50000000000486,30.0
14.400000000004866,30.0
14.300000000004871,30.0
14.200000000004877,30.0
14.100000000004883,30.0
14.000000000004889,30.0
13.900000000004894,30.0
13.8000000000049,30.0
13.700000000004906,30.0
13.600000000004911,30.0
13.500000000004917,30.0
13.400000000004923,30.0
13.300000000004928,30.0
13.200000000004934,30.0
13.10000000000494,30.0
13.000000000004945,30.0
12.900000000004951,30.0
12.800000000004957,30.0
12.700000000004962,30.0
12.600000000004968,30.0
12.500000000004974,30.0
12.40000000000498,30.0
12.300000000004985,30.0
12.20000000000499,30.0
12.100000000004997,30.0
12.000000000005002,30.0
11.900000000005008,30.0
11.800000000005014,30.0
11.70000000000502,30.0
11.600000000005025,30.0
11.50000000000503,30.0
11.400000000005036,30.0
11.300000000005042,30.0
11.200000000005048,30.0
11.100000000005053,30.0
11.000000000005059,30.0
10.900000000005065,30.0
10.80000000000507,30.0
10.700000000005076,30.0
10.600000000005082,30.0
10.500000000005087,30.0
10.400000000005093,30.0
10.300000000005099,30.0
10.200000000005105,30.0
10.10000000000511,30.0
10.000000000005116,30.0
9.900000000005122,30.0
9.800000000005127,30.0
9.700000000005133,30.0
9.600000000005139,30.0
9.500000000005144,30.0
9.40000000000515,30.0
9.300000000005156,30.0
9.200000000005161,30.0
9.100000000005167,30.0
9.000000000005173,30.0
8.900000000005178,30.0
8.800000000005184,30.0
8.70000000000519,30.0
8.600000000005195,30.0
8.500000000005201,30.0
8.400000000005207,30.0
8.300000000005213,30.0
8.200000000005218,30.0
8.100000000005224,30.0
8.00000000000523,30.0
7.900000000005235,30.0
7.800000000005241,30.0
7.700000000005247,30.0
7.600000000005252,30.0
7.500000000005258,30.0
7.400000000005264,30.0
7.300000000005269,30.0
7.200000000005275,30.0
7.100000000005281,30.0
7.000000000005286,30.0
6.900000000005292,30.0
6.800000000005298,30.0
6.7000000000053035,30.0
6.600000000005309,30.0
6.500000000005315,30.0
6.4000000000053205,30.0
6.300000000005326,30.0
6.200000000005332,30.0
6.100000000005338,30.0
6.000000000005343,30.0
5.900000000005349,30.0
5.800000000005355,30.0
5.70000000000536,30.0
5.600000000005366,30.0
5.500000000005372,30.0
5.400000000005377,30.0
5.300000000005383,30.0
5.200000000005389,30.0
5.100000000005394,30.0
5.0000000000054,30.0
4.900000000005406,30.0
4.8000000000054115,30.0
4.700000000005417,30.0
4.600000000005423,30.0
4.5000000000054285,30.0
4.400000000005434,30.0
4.30000000000544,30.0
4.200000000005446,30.0
4.100000000005451,30.0
4.000000000005457,30.0
3.9000000000054627,30.0
3.8000000000054683,30.0
3.700000000005474,30.0
3.6000000000054797,30.0
3.5000000000054854,30.0
3.400000000005491,30.0
3.3000000000054968,30.0
3.2000000000055024,30.0
3.100000000005508,30.0
3.000000000005514,30.0
2.9000000000055195,30.0
2.800000000005525,30.0
2.700000000005531,30.0
2.6000000000055365,30.0
2.5000000000055422,30.0
2.400000000005548,30.0
2.3000000000055536,30.0
2.2000000000055593,30.0
2.100000000005565,30.0
2.0000000000055707,30.0
1.9000000000055763,30.0
1.800000000005582,30.0
1.7000000000055877,30.0
1.6000000000055934,30.0
1.500000000005599,30.0
1.4000000000056048,30.0
1.3000000000056104,30.0
1.2000000000056161,30.0
1.1000000000056218,30.0
1.0000000000056275,30.0
0.9000000000056332,30.0
0.8000000000056389,30.0
0.7000000000056446,30.0
0.6000000000056502,30.0
0.5000000000056559,30.0
0.4000000000056616,30.0
0.3000000000056673,30.0
0.20000000000567297,30.0
0.10000000000567866,30.0
9.18485099360515e-16,30.0
-0.0999992592609034,29.99966666790123
-0.19999407412674577,29.998666686419636
-0.2999800003999922,29.997000099998665
-0.39995259427815577,29.99466698270856
-0.4999074125512982,29.991667438243027
-0.5998400127995054,29.988001599914668
-0.699745953590327,29.983669630649025
-0.7996207946761734,29.978671722977356
-0.899460097191659,29.973008099028064
-0.9992594238508836,29.966679010516835
-1.0990143391446465,29.959684738735454
-1.1987204095375772,29.952025594539293
-1.2983732036651816,29.943701918333495
-1.397968292530791,29.934714080057862
-1.497501249702406,29.925062479170386
-1.596967651509425,29.914747544629527
-1.696363077239252,29.903769734875112
-1.7956831093337713,29.892129537807996
-1.8949233335856832,29.879827470768355
-1.9940793393346903,29.86686408051269
-2.0931467196635247,29.85323994318956
-2.192121071593814,29.83895566431393
-2.290997996281764,29.82401187874028
-2.3897730992136643,29.80840925063441
-2.4884419904011996,29.79214847344388
-2.5870002845765585,29.77523026986723
-2.685443601387335,29.757655391821828
-2.783767565591208,29.73942462041047
-2.8819678072503994,29.720538765886673
-2.9800399619258875,29.70099866761863
-3.0779796708713865,29.680805194051942
-3.1757825812270646,29.659959242670993
-3.2734443462130063,29.63846173995909
-3.370960625322398,29.61631364135725
-3.468327084514443,29.593515931221766
-3.565539396406982,29.57006962278045
-3.6625932404688224,29.5459757580876
-3.7594843032117597,29.52123540797767
-3.8562082783822866,29.49584967201771
-3.952760867152985,29.46981967845847
-4.049137778313581,29.44314658418427
-4.145334728461664,29.415831574661574
-4.241347442193063,29.387875863886315
-4.337171652291861,29.359280694329918
-4.432803099920049,29.330047336884107
-4.5282375348068085,29.30017709080439
-4.623470715437408,29.269671283652357
-4.718498409241719,29.23853127123663
-4.813316392782325,29.206758437552637
-4.907920451942235,29.174354194721083
-5.002306382112166,29.14131998292521
-5.096469988377427,29.107657270346774
-5.190407085704352,29.073367553100788
-5.284113499126297,29.038452355169042
-5.377585063929205,29.002913228332368
-5.470817625836691,28.96675175210165
-5.563807041194686,28.929969533647675
-5.656549177155588,28.892568207729642
-5.749039911861959,28.85454943662255
-5.841275134629701,28.8159149100433
-5.933250746130761,28.776666345075604
-6.024962658575325,28.73680548609366
-6.116406795893493,28.696334104684652
-6.2075790939164355,28.655253999569968
-6.2984755005570285,28.6135669965253
-6.389091975989933,28.571274948299482
-6.479424492831159,28.52837973453213
-6.5694690363170585,28.484883261670138
-6.6592216044827355,28.44078746288291
-6.74867820833993,28.39609429797647
-6.837834872054312,28.350805753306354
-6.926687633122177,28.304923841689295
-7.015232542546541,28.25845060231383
-7.103465665012667,28.21138810064961
-7.191383079062974,28.16373842835563
-7.278980877271316,28.11550370318725
-7.36625516641663,28.066686068902104
-7.4532020676559805,28.01728769516479
-7.539817716696965,27.96731077745045
-7.626098263969446,27.916757536947195
-7.712039874796628,27.865630220457405
-7.797638729565506,27.813931100297836
-7.8828910238966285,27.761662474198648
-7.9677929688131774,27.708826665201286
-8.052340790909348,27.655426021555236
-8.13653073251807,27.60146291661365
-8.220359051878026,27.546939748727855
-8.303822023299935,27.491858941140784
-8.386915937332136,27.436222941879265
-8.469637100925453,27.380034223645225
-8.551981837597353,27.323295283705775
-8.633946487595317,27.266008643782236
-8.7155274080595,27.208176849938063
-8.796720973184641,27.149802472465694
-8.877523574381211,27.09088810577229
-8.9579316204358,27.031436368264448
-9.037941537670704,26.971449902231832
-9.117549770102762,26.910931373729724
-9.196752779601423,26.84988347246054
-9.275547046045975,26.788308911654283
-9.353929067481982,26.72621042794797
-9.431895360276945,26.663590781263984
-9.509442459275139,26.60045275468743
-9.586566917951593,26.536799154342425
-9.663265308565286,26.472632809267395
-9.739534222311473,26.40795657128934
-9.815370269473213,26.34277331489708
-9.890770079572013,26.277085937113497
-9.965730301517606,26.210897357366797
-10.040247603756908,26.144210517360737
-10.114318674422089,26.077028380943897
-10.187940221477762,26.009353933977945
-10.261108972867284,25.94119018420494
-10.333821676658184,25.87254016111366
-10.406075101186717,25.803406915804935
-10.477866035201467,25.733793520856057
-10.54919128800607,25.66370307018424
-10.620047689601023,25.5931386789091
-10.69043209082459,25.52210348321417
-10.760341363492754,25.45060064020757
-10.829772400538234,25.378633327781664
-10.898722116148583,25.306204744471835
-10.96718744590335,25.233318109314297
-11.035165346910265,25.15997666170306
-11.102652797940472,25.086183661245943
-11.169646799562804,25.01194238761972
-11.23614437427711,24.93725614042432
-11.302142566646577,24.862128239036213
-11.367638443429069,24.786562022460878
-11.432629093707508,24.71056084918439
-11.49711162901925,24.63412809702416
-11.561083183484453,24.55726716297881
-11.624540913933446,24.479981463077202
-11.687482000033096,24.40227443222662
-11.749903644412163,24.324149524060076
-11.811803072785619,24.245610210782857
-11.873177534077945,24.166659983018175
-11.934024300545405,24.087302349652056
-11.994340667897285,24.007540837677357
-12.054123955416081,23.927378992037035
-12.11337150607663,23.846820375466585
-12.172080686664208,23.765868568335726
-12.230248887891563,23.68452716848921
-12.28787352451489,23.602799791086973
-12.344952035448706,23.52069006844345
-12.4014818838797,23.438201649866137
-12.45746055737947,23.35533820149339
-12.512885568016191,23.272103406131485
-12.567754452465175,23.188500963090974
-12.622064772118364,23.104534588022226
-12.675814113192718,23.020208012750313
-12.729000086837484,22.935524985109133
-12.781620329240363,22.850489268774876
-12.833672501732574,22.765104643098713
-12.885154290892796,22.679374902938843
-12.936063408649995,22.593303858491815
-12.986397592385087,22.506895335123225
-13.036154605031523,22.42015317319767
-13.085332235174713,22.33308122790806
-13.133928297150304,22.24568336910429
-13.181940631141313,22.15796348112127
-13.229367103274134,22.069925462606246
-13.276205605713368,21.981573226345546
-13.32245405675551,21.892910699090674
-13.368110400921454,21.80394182138381
-13.413172609047864,21.714670547382656
-13.457638678377355,21.625100844684688
-13.5015066326475,21.53523669415084
-13.54477452217866,21.445082089728558
-13.587440423960643,21.354641038274327
-13.629502441738174,21.263917559375535
-13.670958706095165,21.17291568517186
-13.711807374537804,21.08163946017607
-13.752046631576432,20.99009294109426
-13.791674688806255,20.898280196645537
-13.830689784986808,20.806205307381198
-13.869090186120236,20.71387236550339
-13.906874185528366,20.621285474683233
-13.944040103928556,20.528448749878407
-13.980586289508327,20.435366317150276
-14.016511117998784,20.342042313480537
-14.05181299274679,20.248480886587327
-14.086490344785947,20.154686194740883
-14.120541632906322,20.060662406578732
-14.153965343722934,19.966413700920427
-14.186759991743022,19.871944266581824
-14.218924119432078,19.777258302188894
-14.250456297278609,19.68236001599113
-14.281355123857677,19.58725362567452
-14.311619225893189,19.491943358174105
-14.341247258318923,19.396433449486068
-14.370237904338317,19.30072814447952
-14.398589875482989,19.20483169670782
-14.426301911669993,19.10874836821954
-14.453372781257839,19.01248242936901
-14.479801281101231,18.91603815862654
-14.50558623660452,18.819419842388307
-14.530726501773929,18.722631774785793
-14.555220959268476,18.625678257494954
-14.579068520449644,18.528563599545038
-14.602268125429744,18.43129211712709
-14.624818743119041,18.333868133402095
-14.646719371271576,18.236295978308842
-14.6679690365297,18.138579988371497
-14.688566794467343,18.040724506506855
-14.708511729631988,17.942733881831355
-14.727802955585355,17.844612469467727
-14.746439614942801,17.746364630351476
-14.764420879411421,17.647994731037063
-14.781745949826865,17.549507143503828
-14.798414056188856,17.45090624496166
-14.814424457695413,17.352196417656486
-14.829776442775765,17.253382048675498
-14.844469329121996,17.154467529752168
-14.858502463719349,17.05545725707105
-14.871875222875268,16.9563556310724
-14.884587012247103,16.85716705625663
-14.896637266868524,16.75789594098851
-14.908025451174648,16.65854669730127
-14.918751059025823,16.559123740700485
-14.928813613730133,16.459631489967876
-14.93821266806458,16.36007436696487
-14.946947804294963,16.260456796436106
-14.955018634194444,16.160783205812752
-14.9624247990608,16.06105802501577
-14.969165969732366,15.96128568625901
-14.97524184660267,15.861470623852208
-14.980652159633733,15.761617274003921
-14.985396668368095,15.661730074624382
-14.98947516193948,15.561813465128237
-14.99288745908218,15.461871886237233
-14.995633408139101,15.361909779782861
-14.99771288706852,15.261931588508961
-14.999125803449491,15.16194175587425
-14.999872094485966,15.061944725854826
-14.999951727009572,14.961944942746664
-14.999364697481102,14.861946850968115
-14.998111031990662,14.761954894862361
-14.996190786256511,14.661973518499874
-14.993604045622584,14.562007165480916
-14.990350925054711,14.46206027873806
-14.98643156913549,14.362137300338718
-14.981846152057873,14.262242671287696
-14.97659487761742,14.162380831329836
-14.970677979203238,14.062556218752702
-14.964095719787622,13.96277327018932
-14.956848391914349,13.863036420420972
-14.948936317685686,13.76335010218011
-14.940359848748074,13.663718745953366
-14.9311193662765,13.564146779784622
-14.92121528095755,13.4646386290782
-14.910648032971167,13.365198716402189
-14.899418091971077,13.265831461291903
-14.887525957063918,13.166541280053439
-14.874972156787063,13.067332585567392
-14.861757249085125,12.968209787092736
-14.847881821285158,12.869177290070867
-14.833346490070562,12.770239495929808
-14.81815190145366,12.671400801888556
-14.802298730747005,12.572665600761683
-14.785787682533348,12.474038280764105
-14.768619490634338,12.375523225316037
-14.750794918077903,12.277124812848166
-14.732314757064326,12.178847416607065
-14.713179828931064,12.080695404460837
-14.693390984116212,11.982673138704985
-14.672949102120729,11.884784975868513
-14.651855091469333,11.787035266520316
-14.630109889670143,11.689428355075835
-14.607714463172991,11.591968579603964
-14.58466980732648,11.49466027163423
-14.560976946333737,11.397507755964295
-14.536636933206914,11.300515350467759
-14.511650849720363,11.20368736590224
-14.48601980636257,11.107028105717777
-14.459744942286799,11.010541865865568
-14.432827425260458,10.914232934607066
-14.40526845161321,10.818105592323366
-14.377069246183796,10.722164111324966
-14.348231062265583,10.626412755661885
-14.318755181550893,10.530855780934179
-14.288642914074018,10.435497434102775
-14.257895598152999,10.340341953300722
-14.226514600330146,10.245393567644829
-14.19450131531131,10.150656497047722
-14.161857165903891,10.056134952030288
-14.128583602953599,9.961833133534512
-14.094682105279976,9.867755232736805
-14.060154179610668,9.773905430861717
-14.025001360514473,9.680287898996113
-13.989225210333116,9.586906797903772
-13.952827319111826,9.493766277840477
-13.915809304528665,9.40087047836957
-13.878172811822637,9.308223528177962
-13.839919513720554,9.215829544892628
-13.801051110362698,9.123692634897616
-13.761569329227267,9.031816893151536
-13.721475925053593,8.940206403005575
-13.680772679764148,8.848865236021982
-13.639461402385354,8.757797451793143
-13.597543928967184,8.667007097761147
-13.55502212250156,8.5764982090379
-13.511897872839546,8.486274808225776
-13.468173096607359,8.39634090523884
-13.42384973712119,8.306700497124652
-13.378929764300837,8.217357567886602
-13.333415174582138,8.128316088306827
-13.287307990828252,8.039580015769758
-13.240610262239757,7.951153294086244
-13.193324064263578,7.863039853318251
-13.145451498500726,7.7752436096041935
-13.096994692612903,7.687768464984889
-13.047955800227959,7.60061830723015
-12.998337000844145,7.51379700966598
-12.94814049973327,7.4273084310024196
-12.897368527842673,7.341156415162055
-12.846023341696078,7.255344791109192
-12.794107223293313,7.169877372679668
-12.741622480008871,7.084757958411342
-12.688571444489362,6.9999903313752725
-12.634956474549861,6.915578259007603
-12.580779953069097,6.831525492942104
-12.526044287883549,6.747835768843428
-12.470751911680432,6.6645128062410866
-12.414905281889592,6.58156030836415
-12.358506880574275,6.498981961976654
-12.301559214320807,6.416781437213727
-12.2440648141272,6.334962387418489
-12.186026235290667,6.253528448979692
-12.127446057294051,6.172483241170088
-12.068326883691174,6.091830365985567
-12.008671341991128,6.011573407985079
-11.948482083541505,5.9317159341313275
-11.887761783410552,5.852261493632232
-11.826513140268277,5.773213617783179
-11.764738876266513,5.694575819810076
-11.70244173691794,5.616351594713224
-11.639624490974056,5.538544419111984
-11.57628993030211,5.461157751090232
-11.512440869761043,5.384195030042694
-11.448080147076366,5.307659676522084
-11.383210622714056,5.231555092087081
-11.317835179753406,5.155884659151122
-11.251956723758884,5.080651740832101
-11.185578182651035,5.005859680802898
-11.11870250657632,4.931511803142763
-11.05133266777599,4.85761141218957
-10.983471660454013,4.784161792392972
-10.915122500643992,4.711166208168427
-10.846288226075117,4.6386279037521145
-10.776971896037143,4.566550103056729
-10.707176591244439,4.4949360095282085
-10.636905413699063,4.423788806003371
-10.566161486552899,4.353111654568448
-10.494947953968838,4.282907696418524
-10.423267980981047,4.2131800517179645
-10.351124753354307,4.14393181946172
-10.27852147744242,4.075166077337611
-10.205461380045694,4.006885881589518
-10.131947708267536,3.9390942668815665
-10.057983729370152,3.871794246163251
-9.983572730629323,3.8049888105355336
-9.908718019188292,3.7386809291178835
-9.8334229219108,3.672873548916332
-9.757690785233224,3.60756959469251
-9.68152497501585,3.5427719688336357
-9.604928876393242,3.4784835512235084
-9.52790589362385,3.4147071991145648
-9.450459449938673,3.35144574700084
-9.37259298738913,3.2887020064920165
-9.294309966694078,3.226478766188462
-9.215613867085976,3.164778791557268
-9.136508186156309,3.1036048248093753
-9.056996439700107,3.0429595847776962
-8.977082161559657,2.982845766796226
-8.896768903467512,2.923266042580325
-8.816060234888589,2.8642230601079284
-8.734959742861538,2.8057194435018715
-8.653471031839333,2.7477577929132693
-8.571597723529027,2.6903406844059248
-8.489343456730861,2.633470669841884
-8.406711887176494,2.5771502767679966
-8.323706687366503,2.521382008303558
-8.240331546407228,2.4661683430291017
-8.156590169846769,2.411511734876221
-8.072486279510294,2.3574146130185056
-7.988023613334655,2.303879381763579
-7.903205925202203,2.2509084204462315
-7.81803698477401,2.1985040833226943
-7.732520577322312,2.146668699466
-7.646660503562228,2.0954045726624404
-7.560460579482918,2.0447139813092203
-7.473924636177926,1.9945991783131625
-7.387056519674934,1.9450623909906
-7.299860090764831,1.8961058209683763
-7.21233922483008,1.8477316440859735
-7.124497811672553,1.7999420102988548
-7.036339755340607,1.752739043582885
-6.947868973955544,1.7061248418399106
-6.859089399537542,1.6601014768045665
-6.7700049778308475,1.6146709939521653
-6.680619668128432,1.5698354124077998
-6.590937443096021,1.5255967248566105
-6.500962288595498,1.4819568974551949
-6.41069820350782,1.4389178697442588
-6.320149199555257,1.3964815545623992
-6.229319301123053,1.3546498379610714
-6.138212545080643,1.3134245791208023
-6.046832980602191,1.2728076102685293
-5.955184668986628,1.2328007365961824
-5.863271683477176,1.1934057361804573
-5.77109810908026,1.1546243599037638
-5.678668042384024,1.1164583313764496
-5.5859855913762315,1.078909346860172
-5.493054875261647,1.0419790751924918
-5.399880024279033,1.005669157712747
-5.306465179517541,0.9699812081890666
-5.212814492732671,0.9349168127466729
-5.118932126161768,0.9004775297973673
-5.0248222523389785,0.8666648899702718
-4.930489053909882,0.833480396043818
-4.835936723445559,0.8009255228789431
-4.741169463256219,0.7690017173535306
-4.646191485204507,0.7377103982981339
-4.551007010518254,0.7070529564328929
-4.455620269602894,0.6770307543057328
-4.360035501853442,0.6476451262318079
-4.264256955466041,0.6188973782341876
-4.1682888872492185,0.5907887879858364
-4.072135562434669,0.5633206047528052
-3.975801254487641,0.536494049338712
-3.879290244917088,0.5103103140304928
-3.7826068230853256,0.4847705625454086
-3.6857552860174105,0.4598759299793205
-3.588739938210171,0.43562752275624916
-3.4915650914408465,0.41202641857918465
-3.394235064575534,0.3890736663822061
-3.296754183377197,0.36677028628385955
-3.199126780313372,0.3451172695418059
-3.101357194363692,0.3241155785087848
-3.003449770826996,0.30376614658982426
-2.905408861128213,0.28406987820077845
-2.8072388226249827,0.2650276487281076
-2.7089440184139404,0.2466403044899863
-2.610528817136885,0.2289086626986876
-2.5119975927865745,0.21183351142426332
-2.413354724512291,0.19541560955951098
-2.3146045964252884,0.17965568678625665
-2.2157515974038935,0.16455444354292048
-2.116800120898458,0.1501125509933825
-2.0177545647361055,0.13633065099715758
-1.918619330925225,0.12320935608086181
-1.8193988254599034,0.11074924941099873
-1.7200974581240633,0.09895088476804048
-1.6207196422954369,0.08781478652180397
-1.5212697947494926,0.0773414496081557
-1.4217523354630854,0.06753133950701162
-1.3221716874180238,0.05838489222165144
-1.2225322764045092,0.049902514259340336
-1.1228385308243807,0.04208458261325276
-1.0230948814943779,0.03493144474573384
-0.9233057614491769,0.028443418572845047
-0.8234756057443268,0.022620792450235072
-0.7236088512592174,0.017463825160330515
-0.6237099364998309,0.012972745900828642
-0.5237833014014903,0.009147754274511755
-0.4238333871315424,0.005989020280377844
-0.3238646358919198,0.00349668430608574
-0.22388149072179078,0.0016708571217112222
-0.12388839530005141,0.0005116198748300604
-0.023889793747789618,1.902408690668267e-05
