timestamp,dt,maneuver_type,cmd_speed,cmd_steering_angle,curr_x,curr_y,curr_yaw,curr_speed,curr_yaw_rate
36.8120,0.0000,WARMUP,2.0000,0.0000,0.0000,0.0000,0.0000,0.0000,0.0000
36.9120,0.1000,WARMUP,2.0000,0.0000,-0.0279,0.0000,-0.0000,0.0002,0.0000
37.0120,0.1000,WARMUP,2.0000,0.0000,-0.0261,0.0000,-0.0000,0.0671,0.0000
37.1120,0.1000,WARMUP,2.0000,0.0000,-0.0133,0.0000,-0.0000,0.1852,0.0000
37.2120,0.1000,WARMUP,2.0000,0.0000,0.0113,0.0000,-0.0000,0.2973,0.0000
37.3120,0.1000,WARMUP,2.0000,0.0000,0.0470,0.0000,-0.0000,0.4037,0.0000
37.4120,0.1000,WARMUP,2.0000,0.0000,0.0932,0.0000,-0.0000,0.5046,0.0000
37.5120,0.1000,WARMUP,2.0000,0.0000,0.1495,0.0000,-0.0000,0.6004,0.0000
37.6120,0.1000,WARMUP,2.0000,0.0000,0.2153,0.0000,-0.0000,0.6912,0.0000
37.7120,0.1000,WARMUP,2.0000,0.0000,0.2902,0.0000,-0.0000,0.7773,0.0000
37.8120,0.1000,WARMUP,2.0000,0.0000,0.3736,0.0000,-0.0000,0.8590,0.0000
37.9120,0.1000,WARMUP,2.0000,0.0000,0.4651,0.0000,-0.0000,0.9365,0.0000
38.0120,0.1000,WARMUP,2.0000,0.0000,0.5643,0.0000,-0.0000,1.0099,0.0000
38.1120,0.1000,WARMUP,2.0000,0.0000,0.6345,0.0000,-0.0000,1.0567,0.0000
38.2120,0.1000,WARMUP,2.0000,0.0000,0.7456,0.0000,-0.0000,1.1235,0.0000
38.3120,0.1000,WARMUP,2.0000,0.0000,0.8633,0.0000,-0.0000,1.1864,0.0000
38.4120,0.1000,WARMUP,2.0000,0.0000,0.9873,0.0000,-0.0000,1.2454,0.0000
38.5120,0.1000,WARMUP,2.0000,0.0000,1.1171,0.0000,-0.0000,1.3008,0.0000
38.6120,0.1000,WARMUP,2.0000,0.0000,1.2523,0.0000,-0.0000,1.3529,0.0000
38.7120,0.1000,WARMUP,2.0000,0.0000,1.3927,0.0000,-0.0000,1.4018,0.0000
38.8120,0.1000,WARMUP,2.0000,0.0000,1.5380,0.0000,-0.0000,1.4478,0.0000
38.9120,0.1000,WARMUP,2.0000,0.0000,1.6878,0.0000,-0.0000,1.4910,0.0000
39.0120,0.1000,WARMUP,2.0000,0.0000,1.8419,0.0000,-0.0000,1.5316,0.0000
39.1120,0.1000,WARMUP,2.0000,0.0000,2.0000,-0.0000,-0.0000,1.5698,0.0000
39.2120,0.1000,WARMUP,2.0000,0.0000,2.1618,-0.0000,-0.0000,1.6056,0.0000
39.3120,0.1000,WARMUP,2.0000,0.0000,2.3272,-0.0000,-0.0000,1.6393,0.0000
39.4120,0.1000,WARMUP,2.0000,0.0000,2.4959,-0.0000,-0.0000,1.6709,0.0000
39.5120,0.1000,WARMUP,2.0000,0.0000,2.6678,-0.0000,-0.0000,1.7006,0.0000
39.6120,0.1000,WARMUP,2.0000,0.0000,2.8426,-0.0000,-0.0000,1.7285,0.0000
39.7120,0.1000,WARMUP,2.0000,0.0000,3.0202,-0.0000,-0.0000,1.7548,0.0000
39.8120,0.1000,WARMUP,2.0000,0.0000,3.1400,-0.0000,-0.0000,1.7714,0.0000
39.9120,0.1000,WARMUP,2.0000,0.0000,3.3218,-0.0000,-0.0000,1.7950,0.0000
40.0120,0.1000,WARMUP,2.0000,0.0000,3.5059,-0.0000,-0.0000,1.8172,0.0000
40.1120,0.1000,WARMUP,2.0000,0.0000,3.6922,-0.0000,-0.0000,1.8381,0.0000
40.2120,0.1000,WARMUP,2.0000,0.0000,3.8806,-0.0000,-0.0000,1.8577,0.0000
40.3120,0.1000,WARMUP,2.0000,0.0000,4.0710,-0.0000,-0.0000,1.8761,0.0000
40.4120,0.1000,WARMUP,2.0000,0.0000,4.2631,-0.0000,-0.0000,1.8935,0.0000
40.5120,0.1000,WARMUP,2.0000,0.0000,4.4570,-0.0000,-0.0000,1.9097,0.0000
40.6120,0.1000,WARMUP,2.0000,0.0000,4.6525,-0.0000,-0.0000,1.9250,0.0000
40.7120,0.1000,WARMUP,2.0000,0.0000,4.8495,-0.0000,-0.0000,1.9394,0.0000
40.8120,0.1000,WARMUP,2.0000,0.0000,5.0479,-0.0000,-0.0000,1.9528,0.0000
40.9120,0.1000,WARMUP,2.0000,0.0000,5.2476,-0.0000,-0.0000,1.9655,0.0000
41.0120,0.1000,WARMUP,2.0000,0.0000,5.4486,-0.0000,-0.0000,1.9774,0.0000
41.1120,0.1000,WARMUP,2.0000,0.0000,5.6508,-0.0000,-0.0000,1.9886,0.0000
41.2120,0.1000,WARMUP,2.0000,0.0000,5.8540,-0.0000,-0.0000,1.9991,0.0000
41.3120,0.1000,WARMUP,2.0000,0.0000,6.0584,-0.0000,-0.0000,2.0090,0.0000
41.4120,0.1000,WARMUP,2.0000,0.0000,6.2637,-0.0000,-0.0000,2.0183,0.0000
41.5120,0.1000,WARMUP,2.0000,0.0000,6.4010,-0.0000,-0.0000,2.0242,0.0000
41.6120,0.1000,WARMUP,2.0000,0.0000,6.6078,-0.0000,-0.0000,2.0325,0.0000
41.7120,0.1000,WARMUP,2.0000,0.0000,6.8154,-0.0000,-0.0000,2.0404,0.0000
41.8120,0.1000,CHIRP_LOW_SPEED,2.5000,0.0000,7.0238,-0.0000,-0.0000,2.0478,0.0000
41.9120,0.1000,CHIRP_LOW_SPEED,2.5000,0.0262,7.2334,-0.0000,-0.0000,2.0702,0.0000
42.0120,0.1000,CHIRP_LOW_SPEED,2.5000,0.0546,7.4463,-0.0000,0.0004,2.1059,0.0157
42.1120,0.1000,CHIRP_LOW_SPEED,2.5000,0.0849,7.6627,0.0003,0.0032,2.1390,0.0465
42.2120,0.1000,CHIRP_LOW_SPEED,2.5000,0.1169,7.8823,0.0016,0.0095,2.1691,0.0846
42.3120,0.1000,CHIRP_LOW_SPEED,2.5000,0.1502,8.1049,0.0048,0.0200,2.1963,0.1255
42.4120,0.1000,CHIRP_LOW_SPEED,2.5000,0.1843,8.3300,0.0109,0.0347,2.2206,0.1684
42.5120,0.1000,CHIRP_LOW_SPEED,2.5000,0.2187,8.5573,0.0209,0.0539,2.2420,0.2131
42.6120,0.1000,CHIRP_LOW_SPEED,2.5000,0.2526,8.7864,0.0359,0.0776,2.2603,0.2573
42.7120,0.1000,CHIRP_LOW_SPEED,2.5000,0.2854,9.0167,0.0570,0.1061,2.2754,0.3051
42.8120,0.1000,CHIRP_LOW_SPEED,2.5000,0.3161,9.2477,0.0854,0.1395,2.2878,0.3527
42.9120,0.1000,CHIRP_LOW_SPEED,2.5000,0.3436,9.4786,0.1222,0.1778,2.2977,0.4006
43.0120,0.1000,CHIRP_LOW_SPEED,2.5000,0.3669,9.7086,0.1686,0.2211,2.3056,0.4472
43.1120,0.1000,CHIRP_LOW_SPEED,2.5000,0.3848,9.9370,0.2256,0.2690,2.3123,0.4906
43.2120,0.1000,CHIRP_LOW_SPEED,2.5000,0.3963,10.0880,0.2700,0.3033,2.3158,0.5198
43.3120,0.1000,CHIRP_LOW_SPEED,2.5000,0.4000,10.3118,0.3468,0.3579,2.3245,0.5521
43.4120,0.1000,CHIRP_LOW_SPEED,2.5000,0.3950,10.5319,0.4364,0.4153,2.3384,0.5697
43.5120,0.1000,CHIRP_LOW_SPEED,2.5000,0.3804,10.7480,0.5393,0.4737,2.3587,0.5710
43.6120,0.1000,CHIRP_LOW_SPEED,2.5000,0.3555,10.9597,0.6557,0.5316,2.3833,0.5558
43.7120,0.1000,CHIRP_LOW_SPEED,2.5000,0.3199,11.1666,0.7854,0.5873,2.4099,0.5281
43.8120,0.1000,CHIRP_LOW_SPEED,2.5000,0.2738,11.3685,0.9276,0.6397,2.4370,0.4921
43.9120,0.1000,CHIRP_LOW_SPEED,2.5000,0.2176,11.5651,1.0815,0.6880,2.4631,0.4462
44.0120,0.1000,CHIRP_LOW_SPEED,2.5000,0.1524,11.7564,1.2460,0.7309,2.4880,0.3869
44.1120,0.1000,CHIRP_LOW_SPEED,2.5000,0.0798,11.9429,1.4196,0.7670,2.5112,0.3128
44.2120,0.1000,CHIRP_LOW_SPEED,2.5000,0.0020,12.1253,1.6006,0.7953,2.5281,0.2506
44.3120,0.1000,CHIRP_LOW_SPEED,2.5000,-0.0780,12.3040,1.7871,0.8167,2.5404,0.1613
44.4120,0.1000,CHIRP_LOW_SPEED,2.5000,-0.1570,12.4803,1.9773,0.8287,2.5463,0.0757
44.5120,0.1000,CHIRP_LOW_SPEED,2.5000,-0.2311,12.6553,2.1692,0.8323,2.5494,0.0001
44.6120,0.1000,CHIRP_LOW_SPEED,2.5000,-0.2964,12.8306,2.3612,0.8284,2.5507,-0.0749
44.7120,0.1000,CHIRP_LOW_SPEED,2.5000,-0.3486,13.0074,2.5519,0.8166,2.5509,-0.1538
44.8120,0.1000,CHIRP_LOW_SPEED,2.5000,-0.3841,13.1871,2.7397,0.7957,2.5470,-0.2651
44.9120,0.1000,CHIRP_LOW_SPEED,2.5000,-0.3996,13.3095,2.8622,0.7762,2.5467,-0.3155
45.0120,0.1000,CHIRP_LOW_SPEED,2.5000,-0.3925,13.4977,3.0409,0.7420,2.5410,-0.3731
45.1120,0.1000,CHIRP_LOW_SPEED,2.5000,-0.3619,13.6917,3.2118,0.7014,2.5291,-0.4278
45.2120,0.1000,CHIRP_LOW_SPEED,2.5000,-0.3079,13.8917,3.3731,0.6547,2.5160,-0.4756
45.3120,0.1000,CHIRP_LOW_SPEED,2.5000,-0.2326,14.0987,3.5239,0.6043,2.5141,-0.4935
45.4120,0.1000,CHIRP_LOW_SPEED,2.5000,-0.1397,14.3137,3.6646,0.5549,2.5308,-0.4578
45.5120,0.1000,CHIRP_LOW_SPEED,2.5000,-0.0350,14.5371,3.7963,0.5123,2.5576,-0.3711
45.6120,0.1000,CHIRP_LOW_SPEED,2.5000,0.0745,14.7673,3.9206,0.4786,2.5722,-0.2955
45.7120,0.1000,CHIRP_LOW_SPEED,2.5000,0.1804,15.0022,4.0385,0.4534,2.5804,-0.2089
45.8120,0.1000,CHIRP_LOW_SPEED,2.5000,0.2738,15.2399,4.1516,0.4364,2.5818,-0.1322
45.9120,0.1000,CHIRP_LOW_SPEED,2.5000,0.3461,15.4790,4.2615,0.4268,2.5793,-0.0581
46.0120,0.1000,CHIRP_LOW_SPEED,2.5000,0.3897,15.7184,4.3699,0.4248,2.5736,0.0178
46.1120,0.1000,CHIRP_LOW_SPEED,2.5000,0.3989,15.9569,4.4784,0.4308,2.5668,0.0961
46.2120,0.1000,CHIRP_LOW_SPEED,2.5000,0.3708,16.1937,4.5890,0.4448,2.5584,0.1770
46.3120,0.1000,CHIRP_LOW_SPEED,2.5000,0.3062,16.4275,4.7035,0.4669,2.5480,0.2537
46.4120,0.1000,CHIRP_LOW_SPEED,2.5000,0.2096,16.6572,4.8235,0.4969,2.5368,0.3210
46.5120,0.1000,CHIRP_LOW_SPEED,2.5000,0.0896,16.8819,4.9505,0.5329,2.5313,0.3570
46.6120,0.1000,CHIRP_LOW_SPEED,2.5000,-0.0421,17.0292,5.0397,0.5566,2.5364,0.3425
46.7120,0.1000,CHIRP_LOW_SPEED,2.5000,-0.1713,17.2470,5.1803,0.5882,2.5500,0.2729
46.8120,0.1000,CHIRP_LOW_SPEED,2.5000,-0.2828,17.4617,5.3276,0.6128,2.5577,0.2062
46.9120,0.1000,CHIRP_LOW_SPEED,2.5000,-0.3624,17.6738,5.4797,0.6303,2.5629,0.1365
47.0120,0.1000,CHIRP_LOW_SPEED,2.5000,-0.3986,17.8842,5.6350,0.6404,2.5668,0.0640
47.1120,0.1000,CHIRP_LOW_SPEED,2.5000,-0.3848,18.0938,5.7919,0.6430,2.5695,-0.0111
47.2120,0.1000,CHIRP_LOW_SPEED,2.5000,-0.3203,18.3038,5.9485,0.6377,2.5699,-0.0883
47.3120,0.1000,CHIRP_LOW_SPEED,2.5000,-0.2117,18.5151,6.1032,0.6247,2.5672,-0.1621
47.4120,0.1000,CHIRP_LOW_SPEED,2.5000,-0.0720,18.7286,6.2540,0.6039,2.5618,-0.2261
47.5120,0.1000,CHIRP_LOW_SPEED,2.5000,0.0800,18.9452,6.3995,0.5787,2.5599,-0.2482
47.6120,0.1000,CHIRP_LOW_SPEED,2.5000,0.2223,19.1657,6.5398,0.5557,2.5676,-0.1849
47.7120,0.1000,CHIRP_LOW_SPEED,2.5000,0.3329,19.3894,6.6762,0.5401,2.5707,-0.1176
47.8120,0.1000,CHIRP_LOW_SPEED,2.5000,0.3929,19.6149,6.8099,0.5319,2.5723,-0.0451
47.9120,0.1000,CHIRP_LOW_SPEED,2.5000,0.3907,19.8411,6.9428,0.5313,2.5729,0.0311
48.0120,0.1000,CHIRP_LOW_SPEED,2.5000,0.3239,20.0669,7.0763,0.5387,2.5709,0.1102
48.1120,0.1000,CHIRP_LOW_SPEED,2.5000,0.2013,20.2907,7.2123,0.5539,2.5652,0.1855
48.2120,0.1000,CHIRP_LOW_SPEED,2.5000,0.0421,20.5113,7.3520,0.5765,2.5587,0.2381
48.3120,0.1000,CHIRP_LOW_SPEED,2.5000,-0.1266,20.6563,7.4480,0.5936,2.5572,0.2545
48.4120,0.1000,CHIRP_LOW_SPEED,2.5000,-0.2742,20.8710,7.5968,0.6167,2.5689,0.1846
48.5120,0.1000,CHIRP_LOW_SPEED,2.5000,-0.3720,21.0837,7.7503,0.6324,2.5767,0.1173
48.6120,0.1000,CHIRP_LOW_SPEED,2.5000,-0.3991,21.2951,7.9067,0.6407,2.5835,0.0451
48.7120,0.1000,CHIRP_LOW_SPEED,2.5000,-0.3475,21.5063,8.0645,0.6413,2.5889,-0.0304
48.8120,0.1000,CHIRP_LOW_SPEED,2.5000,-0.2248,21.7184,8.2219,0.6341,2.5910,-0.1049
48.9120,0.1000,CHIRP_LOW_SPEED,2.5000,-0.0540,21.9321,8.3769,0.6192,2.5889,-0.1744
49.0120,0.1000,CHIRP_LOW_SPEED,2.5000,0.1303,22.1484,8.5277,0.5976,2.5845,-0.2243
49.1120,0.1000,CHIRP_LOW_SPEED,2.5000,0.2882,22.3680,8.6737,0.5771,2.5929,-0.1496
49.2120,0.1000,CHIRP_LOW_SPEED,2.5000,0.3836,22.5909,8.8168,0.5661,2.6014,-0.0657
49.3120,0.1000,CHIRP_LOW_SPEED,2.5000,0.3923,22.8154,8.9589,0.5637,2.6094,0.0133
49.4120,0.1000,CHIRP_LOW_SPEED,2.5000,0.3095,23.0402,9.1018,0.5693,2.6152,0.0933
49.5120,0.1000,CHIRP_LOW_SPEED,2.5000,0.1518,23.2641,9.2470,0.5829,2.6174,0.1692
49.6120,0.1000,CHIRP_LOW_SPEED,2.5000,-0.0446,23.4854,9.3960,0.6033,2.6173,0.2156
49.7120,0.1000,CHIRP_LOW_SPEED,2.5000,-0.2320,23.7036,9.5500,0.6244,2.6238,0.1742
49.8120,0.1000,CHIRP_LOW_SPEED,2.5000,-0.3619,23.9198,9.7083,0.6384,2.6322,0.0982
49.9120,0.1000,CHIRP_LOW_SPEED,2.5000,-0.3988,24.1350,9.8692,0.6448,2.6392,0.0350
50.0120,0.1000,CHIRP_LOW_SPEED,2.5000,-0.3297,24.2784,9.9772,0.6449,2.6432,-0.0246
50.1120,0.1000,CHIRP_LOW_SPEED,2.5000,-0.1702,24.4943,10.1387,0.6385,2.6458,-0.0995
50.2120,0.1000,CHIRP_LOW_SPEED,2.5000,0.0381,24.7119,10.2980,0.6242,2.6437,-0.1683
50.3120,0.1000,CHIRP_LOW_SPEED,2.5000,0.2376,24.9319,10.4534,0.6050,2.6415,-0.1898
50.4120,0.1000,CHIRP_LOW_SPEED,2.5000,0.3702,25.1550,10.6050,0.5902,2.6464,-0.1119
50.5120,0.1000,CHIRP_LOW_SPEED,2.5000,0.3947,25.3800,10.7543,0.5830,2.6497,-0.0339
50.6120,0.1000,CHIRP_LOW_SPEED,2.5000,0.3004,25.6057,10.9030,0.5837,2.6514,0.0459
50.7120,0.1000,CHIRP_LOW_SPEED,2.5000,0.1129,25.8307,11.0528,0.5925,2.6490,0.1217
50.8120,0.1000,CHIRP_LOW_SPEED,2.5000,-0.1116,26.0533,11.2052,0.6089,2.6436,0.1774
50.9120,0.1000,CHIRP_LOW_SPEED,2.5000,-0.3024,26.2730,11.3614,0.6267,2.6459,0.1555
51.0120,0.1000,CHIRP_LOW_SPEED,2.5000,-0.3965,26.4908,11.5211,0.6378,2.6524,0.0776
51.1120,0.1000,CHIRP_LOW_SPEED,2.5000,-0.3597,26.7079,11.6828,0.6412,2.6579,-0.0023
51.2120,0.1000,CHIRP_LOW_SPEED,2.5000,-0.2010,26.9254,11.8447,0.6368,2.6601,-0.0800
51.3120,0.1000,CHIRP_LOW_SPEED,2.5000,0.0283,27.1442,12.0047,0.6246,2.6572,-0.1486
51.4120,0.1000,CHIRP_LOW_SPEED,2.5000,0.2495,27.3652,12.1609,0.6062,2.6539,-0.1689
51.5120,0.1000,CHIRP_LOW_SPEED,2.5000,0.3834,27.5888,12.3136,0.5930,2.6561,-0.0945
51.6120,0.1000,CHIRP_LOW_SPEED,2.5000,0.3790,27.8138,12.4641,0.5874,2.6533,-0.0173
51.7120,0.1000,CHIRP_LOW_SPEED,2.5000,0.2342,27.9639,12.5640,0.5882,2.6500,0.0364
51.8120,0.1000,CHIRP_LOW_SPEED,2.5000,0.0000,28.1879,12.7144,0.5959,2.6412,0.1099
51.9120,0.1000,CHIRP_LOW_SPEED,2.5000,-0.2360,28.4092,12.8668,0.6112,2.6297,0.1702
52.0120,0.1000,CHIRP_LOW_SPEED,2.5000,-0.3818,28.6274,13.0225,0.6275,2.6305,0.1324
52.1120,0.1000,CHIRP_LOW_SPEED,2.5000,-0.3772,28.8438,13.1811,0.6364,2.6324,0.0557
52.2120,0.1000,CHIRP_LOW_SPEED,2.5000,-0.2202,29.0594,13.3408,0.6375,2.6317,-0.0240
52.3120,0.1000,CHIRP_LOW_SPEED,2.5000,0.0283,29.2753,13.4998,0.6309,2.6265,-0.0964
52.4120,0.1000,CHIRP_LOW_SPEED,2.5000,0.2668,29.4921,13.6561,0.6171,2.6180,-0.1465
52.5120,0.1000,CHIRP_LOW_SPEED,2.5000,0.3938,29.7107,13.8089,0.6033,2.6135,-0.1184
52.6120,0.1000,CHIRP_LOW_SPEED,2.5000,0.3520,29.9307,13.9591,0.5964,2.6093,-0.0357
52.7120,0.1000,CHIRP_LOW_SPEED,2.5000,0.1555,30.1506,14.1082,0.5971,2.6016,0.0414
52.8120,0.1000,CHIRP_LOW_SPEED,2.5000,-0.1116,30.3689,14.2578,0.6053,2.5893,0.1050
52.9120,0.1000,CHIRP_LOW_SPEED,2.5000,-0.3301,30.5847,14.4091,0.6188,2.5819,0.1400
53.0120,0.1000,CHIRP_LOW_SPEED,2.5000,-0.3983,30.7982,14.5633,0.6305,2.5867,0.0687
53.1120,0.1000,CHIRP_LOW_SPEED,2.5000,-0.2810,31.0110,14.7195,0.6343,2.5909,-0.0014
53.2120,0.1000,CHIRP_LOW_SPEED,2.5000,-0.0296,31.2240,14.8757,0.6305,2.5907,-0.0725
53.3120,0.1000,CHIRP_LOW_SPEED,2.5000,0.2376,31.4379,15.0303,0.6201,2.5875,-0.1055
53.4120,0.1000,CHIRP_LOW_SPEED,2.5000,0.3905,31.5814,15.1320,0.6132,2.5877,-0.0955
53.5120,0.1000,CHIRP_LOW_SPEED,2.5000,0.3505,31.7979,15.2830,0.6067,2.5914,-0.0163
53.6120,0.1000,CHIRP_LOW_SPEED,2.5000,0.1336,32.0151,15.4338,0.6082,2.5932,0.0531
53.7120,0.1000,CHIRP_LOW_SPEED,2.5000,-0.1530,32.2314,15.5857,0.6173,2.5905,0.1158
53.8120,0.1000,CHIRP_LOW_SPEED,2.5000,-0.3619,32.4457,15.7399,0.6309,2.5893,0.1397
53.9120,0.1000,CHIRP_LOW_SPEED,2.5000,-0.3816,32.6583,15.8971,0.6409,2.5980,0.0592
54.0120,0.1000,CHIRP_LOW_SPEED,2.5000,-0.1975,32.8706,16.0561,0.6431,2.6048,-0.0174
54.1120,0.1000,CHIRP_LOW_SPEED,2.5000,0.0947,33.0835,16.2150,0.6377,2.6064,-0.0860
54.2120,0.1000,CHIRP_LOW_SPEED,2.5000,0.3366,33.2978,16.3718,0.6253,2.6040,-0.1312
54.3120,0.1000,CHIRP_LOW_SPEED,2.5000,0.3923,33.5142,16.5262,0.6163,2.6103,-0.0313
54.4120,0.1000,CHIRP_LOW_SPEED,2.5000,0.2265,33.7317,16.6803,0.6178,2.6183,0.0582
54.5120,0.1000,CHIRP_LOW_SPEED,2.5000,-0.0701,33.9488,16.8360,0.6276,2.6208,0.1325
54.6120,0.1000,CHIRP_LOW_SPEED,2.5000,-0.3277,34.1638,16.9945,0.6432,2.6196,0.1390
54.7120,0.1000,CHIRP_LOW_SPEED,2.5000,-0.3936,34.3768,17.1561,0.6540,2.6275,0.0616
54.8120,0.1000,CHIRP_LOW_SPEED,2.5000,-0.2248,34.5894,17.3198,0.6564,2.6359,-0.0162
54.9120,0.1000,CHIRP_LOW_SPEED,2.5000,0.0810,34.8028,17.4835,0.6511,2.6386,-0.0884
55.0120,0.1000,CHIRP_LOW_SPEED,2.5000,0.3388,35.0176,17.6453,0.6402,2.6383,-0.1005
55.1120,0.1000,CHIRP_LOW_SPEED,2.5000,0.3874,35.1618,17.7521,0.6357,2.6416,-0.0330
55.2120,0.1000,CHIRP_LOW_SPEED,2.5000,0.1923,35.3787,17.9119,0.6359,2.6410,0.0400
55.3120,0.1000,CHIRP_LOW_SPEED,2.5000,-0.1266,35.5945,18.0724,0.6439,2.6328,0.1050
55.4120,0.1000,CHIRP_LOW_SPEED,2.5000,-0.3653,35.8076,18.2346,0.6583,2.6225,0.1418
55.5120,0.1000,CHIRP_LOW_SPEED,2.5000,-0.3660,36.0181,18.3996,0.6700,2.6252,0.0880
55.6120,0.1000,CHIRP_LOW_SPEED,2.5000,-0.1241,36.2276,18.5667,0.6749,2.6312,0.0073
55.7120,0.1000,CHIRP_LOW_SPEED,2.5000,0.2024,36.4372,18.7342,0.6720,2.6320,-0.0557
55.8120,0.1000,CHIRP_LOW_SPEED,2.5000,0.3929,36.6478,18.9003,0.6632,2.6308,-0.0871
55.9120,0.1000,CHIRP_LOW_SPEED,2.5000,0.3138,36.8599,19.0650,0.6594,2.6365,-0.0023
56.0120,0.1000,CHIRP_LOW_SPEED,2.5000,0.0156,37.0723,19.2302,0.6637,2.6387,0.0768
56.1120,0.1000,CHIRP_LOW_SPEED,2.5000,-0.2951,37.2833,19.3970,0.6747,2.6364,0.1090
56.2120,0.1000,CHIRP_LOW_SPEED,2.5000,-0.3965,37.4924,19.5661,0.6842,2.6407,0.0684
56.3120,0.1000,CHIRP_LOW_SPEED,2.5000,-0.2117,37.7011,19.7368,0.6857,2.6491,-0.0334
56.4120,0.1000,CHIRP_LOW_SPEED,2.5000,0.1289,37.9108,19.9073,0.6781,2.6501,-0.1129
56.5120,0.1000,CHIRP_LOW_SPEED,2.5000,0.3755,38.1222,20.0754,0.6652,2.6479,-0.1210
56.6120,0.1000,CHIRP_LOW_SPEED,2.5000,0.3420,38.3356,20.2411,0.6572,2.6508,-0.0377
56.7120,0.1000,CHIRP_LOW_SPEED,2.5000,0.0490,38.5497,20.4061,0.6571,2.6503,0.0386
56.8120,0.1000,CHIRP_LOW_SPEED,2.5000,-0.2828,38.6921,20.5163,0.6613,2.6469,0.0744
56.9120,0.1000,CHIRP_LOW_SPEED,2.5000,-0.3967,38.9043,20.6828,0.6691,2.6455,0.0735
57.0120,0.1000,CHIRP_LOW_SPEED,2.5000,-0.1997,39.1156,20.8507,0.6721,2.6504,-0.0120
57.1120,0.1000,CHIRP_LOW_SPEED,2.5000,0.1567,39.3275,21.0187,0.6671,2.6513,-0.0833
57.2120,0.1000,CHIRP_LOW_SPEED,2.5000,0.3888,39.5406,21.1846,0.6550,2.6473,-0.1319
57.3120,0.1000,CHIRP_LOW_SPEED,2.5000,0.3062,39.7557,21.3481,0.6465,2.6511,-0.0490
57.4120,0.1000,CHIRP_LOW_SPEED,2.5000,-0.0281,39.9717,21.5108,0.6457,2.6519,0.0277
57.5120,0.1000,CHIRP_LOW_SPEED,2.5000,-0.3405,40.1871,21.6740,0.6523,2.6486,0.0794
57.6120,0.1000,CHIRP_LOW_SPEED,2.5000,-0.3683,40.4011,21.8388,0.6585,2.6523,0.0129
57.7120,0.1000,CHIRP_LOW_SPEED,2.5000,-0.0837,40.6153,22.0043,0.6563,2.6563,-0.0594
57.8120,0.1000,CHIRP_LOW_SPEED,2.5000,0.2738,40.8306,22.1686,0.6465,2.6561,-0.1099
57.9120,0.1000,CHIRP_LOW_SPEED,2.5000,0.3953,41.0477,22.3304,0.6351,2.6575,-0.0849
58.0120,0.1000,CHIRP_LOW_SPEED,2.5000,0.1708,41.2665,22.4907,0.6309,2.6617,-0.0076
58.1120,0.1000,CHIRP_LOW_SPEED,2.5000,-0.2059,41.4855,22.6511,0.6343,2.6601,0.0646
58.2120,0.1000,CHIRP_LOW_SPEED,2.5000,-0.3996,41.7031,22.8127,0.6437,2.6600,0.0742
58.3120,0.1000,CHIRP_LOW_SPEED,2.5000,-0.2326,41.9198,22.9761,0.6468,2.6653,-0.0037
58.4120,0.1000,CHIRP_LOW_SPEED,2.5000,0.1477,42.1370,23.1395,0.6422,2.6652,-0.0797
58.5120,0.1000,CHIRP_LOW_SPEED,2.5000,0.3929,42.2824,23.2475,0.6349,2.6623,-0.1136
58.6120,0.1000,CHIRP_LOW_SPEED,2.5000,0.2723,42.5017,23.4076,0.6281,2.6649,-0.0299
58.7120,0.1000,CHIRP_LOW_SPEED,2.5000,-0.1054,42.7217,23.5673,0.6292,2.6650,0.0467
58.8120,0.1000,CHIRP_LOW_SPEED,2.5000,-0.3841,42.9406,23.7279,0.6377,2.6616,0.1018
58.9120,0.1000,CHIRP_LOW_SPEED,2.5000,-0.2942,43.1582,23.8904,0.6437,2.6658,0.0195
59.0120,0.1000,CHIRP_LOW_SPEED,2.5000,0.0819,43.3757,24.0535,0.6418,2.6677,-0.0556
59.1120,0.1000,CHIRP_LOW_SPEED,2.5000,0.3789,43.5941,24.2154,0.6325,2.6642,-0.1046
59.2120,0.1000,CHIRP_LOW_SPEED,2.5000,0.3014,43.8139,24.3751,0.6266,2.6663,-0.0032
59.3120,0.1000,CHIRP_LOW_SPEED,2.5000,-0.0780,44.0340,24.5349,0.6313,2.6674,0.0864
59.4120,0.1000,CHIRP_LOW_SPEED,2.5000,-0.3798,44.2526,24.6966,0.6427,2.6675,0.1033
59.5120,0.1000,CHIRP_LOW_SPEED,2.5000,-0.2949,44.4698,24.8606,0.6490,2.6723,0.0238
59.6120,0.1000,CHIRP_LOW_SPEED,2.5000,0.0941,44.6868,25.0253,0.6481,2.6710,-0.0484
59.7120,0.1000,CHIRP_LOW_SPEED,2.5000,0.3864,44.9043,25.1888,0.6401,2.6649,-0.0828
59.8120,0.1000,CHIRP_LOW_SPEED,2.5000,0.2738,45.1227,25.3502,0.6347,2.6631,-0.0039
59.9120,0.1000,CHIRP_LOW_SPEED,2.5000,-0.1294,45.3411,25.5113,0.6374,2.6579,0.0664
60.0120,0.1000,CHIRP_LOW_SPEED,2.5000,-0.3954,45.5579,25.6733,0.6468,2.6524,0.0950
60.1120,0.1000,CHIRP_LOW_SPEED,2.5000,-0.2350,45.7732,25.8371,0.6512,2.6567,-0.0132
60.2120,0.1000,CHIRP_LOW_SPEED,2.5000,0.1820,45.9170,25.9465,0.6489,2.6575,-0.0577
60.3120,0.1000,CHIRP_LOW_SPEED,2.5000,0.4000,46.1335,26.1091,0.6389,2.6548,-0.1084
60.4120,0.1000,CHIRP_LOW_SPEED,2.5000,0.1744,46.3515,26.2698,0.6328,2.6579,-0.0255
60.5120,0.1000,CHIRP_LOW_SPEED,2.5000,-0.2472,46.5701,26.4302,0.6345,2.6573,0.0485
60.6120,0.1000,CHIRP_LOW_SPEED,2.5000,-0.3905,46.7875,26.5915,0.6431,2.6552,0.0903
60.7120,0.1000,CHIRP_LOW_SPEED,2.5000,-0.0886,47.0038,26.7546,0.6473,2.6596,0.0075
60.8120,0.1000,CHIRP_LOW_SPEED,2.5000,0.3161,47.2204,26.9179,0.6438,2.6593,-0.0563
60.9120,0.1000,CHIRP_LOW_SPEED,2.5000,0.3547,47.4377,27.0798,0.6363,2.6572,-0.0663
61.0120,0.1000,CHIRP_LOW_SPEED,2.5000,-0.0221,47.6559,27.2405,0.6347,2.6582,0.0180
61.1120,0.1000,CHIRP_LOW_SPEED,2.5000,-0.3738,47.8737,27.4017,0.6404,2.6551,0.0696
61.2120,0.1000,CHIRP_LOW_SPEED,2.5000,-0.2807,48.0903,27.5641,0.6455,2.6582,0.0044
61.3120,0.1000,CHIRP_LOW_SPEED,2.5000,0.1502,48.3070,27.7271,0.6426,2.6593,-0.0646
61.4120,0.1000,CHIRP_LOW_SPEED,2.5000,0.3999,48.5247,27.8885,0.6331,2.6570,-0.0806
61.5120,0.1000,CHIRP_LOW_SPEED,2.5000,0.1610,48.7436,28.0483,0.6296,2.6593,-0.0001
61.6120,0.1000,CHIRP_LOW_SPEED,2.5000,-0.2771,48.9625,28.2083,0.6337,2.6562,0.0705
61.7120,0.1000,CHIRP_LOW_SPEED,2.5000,-0.3715,49.1799,28.3696,0.6432,2.6564,0.0672
61.8120,0.1000,CHIRP_LOW_SPEED,2.5000,-0.0000,49.3964,28.5325,0.6460,2.6600,-0.0079
61.9120,0.1000,RAMP_UP,1.0000,0.0000,49.5408,28.6412,0.6436,2.6589,-0.0452
62.0120,0.1000,RAMP_UP,1.0450,0.0000,49.7572,28.8028,0.6395,2.6158,-0.0292
62.1120,0.1000,RAMP_UP,1.0900,0.0000,49.9677,28.9589,0.6367,2.5275,-0.0187
62.2120,0.1000,RAMP_UP,1.1350,0.0000,50.1717,29.1094,0.6352,2.4469,-0.0094
62.3120,0.1000,RAMP_UP,1.1800,0.0000,50.3695,29.2551,0.6344,2.3734,-0.0051
62.4120,0.1000,RAMP_UP,1.2250,0.0000,50.5616,29.3964,0.6341,2.3064,-0.0025
62.5120,0.1000,RAMP_UP,1.2700,0.0000,50.7485,29.5338,0.6339,2.2456,-0.0010
62.6120,0.1000,RAMP_UP,1.3150,0.0000,50.9307,29.6677,0.6338,2.1907,-0.0004
62.7120,0.1000,RAMP_UP,1.3600,0.0000,51.1086,29.7985,0.6338,2.1414,-0.0001
62.8120,0.1000,RAMP_UP,1.4050,0.0000,51.2827,29.9264,0.6338,2.0977,-0.0000
62.9120,0.1000,RAMP_UP,1.4500,0.0000,51.4533,30.0519,0.6338,2.0589,-0.0000
63.0120,0.1000,RAMP_UP,1.4950,0.0000,51.6211,30.1751,0.6338,2.0250,0.0000
63.1120,0.1000,RAMP_UP,1.5400,0.0000,51.7862,30.2965,0.6338,1.9957,-0.0000
63.2120,0.1000,RAMP_UP,1.5850,0.0000,51.9491,30.4162,0.6338,1.9707,-0.0000
63.3120,0.1000,RAMP_UP,1.6300,0.0000,52.1101,30.5345,0.6338,1.9498,0.0000
63.4120,0.1000,RAMP_UP,1.6750,0.0000,52.2695,30.6517,0.6338,1.9327,-0.0000
63.5120,0.1000,RAMP_UP,1.7200,0.0000,52.4277,30.7679,0.6338,1.9193,-0.0000
63.6120,0.1000,RAMP_UP,1.7650,0.0000,52.5326,30.8450,0.6338,1.9124,-0.0000
63.7120,0.1000,RAMP_UP,1.8100,0.0000,52.6893,30.9602,0.6338,1.9048,0.0000
63.8120,0.1000,RAMP_UP,1.8550,0.0000,52.8456,31.0751,0.6338,1.9003,-0.0000
63.9120,0.1000,RAMP_UP,1.9000,0.0000,53.0016,31.1897,0.6338,1.8988,0.0000
64.0120,0.1000,RAMP_UP,1.9450,0.0000,53.1576,31.3044,0.6338,1.9001,-0.0000
64.1120,0.1000,RAMP_UP,1.9900,0.0000,53.3138,31.4192,0.6338,1.9041,0.0000
64.2120,0.1000,RAMP_UP,2.0350,0.0000,53.4705,31.5343,0.6338,1.9107,-0.0000
64.3120,0.1000,RAMP_UP,2.0800,0.0000,53.6278,31.6499,0.6338,1.9197,-0.0000
64.4120,0.1000,RAMP_UP,2.1250,0.0000,53.7860,31.7662,0.6338,1.9310,0.0000
64.5120,0.1000,RAMP_UP,2.1700,0.0000,53.9451,31.8831,0.6338,1.9445,-0.0000
64.6120,0.1000,RAMP_UP,2.2150,0.0000,54.1055,32.0010,0.6338,1.9599,0.0000
64.7120,0.1000,RAMP_UP,2.2600,0.0000,54.2672,32.1198,0.6338,1.9774,0.0000
64.8120,0.1000,RAMP_UP,2.3050,0.0000,54.4304,32.2398,0.6338,1.9966,0.0000
64.9120,0.1000,RAMP_UP,2.3500,0.0000,54.5953,32.3609,0.6338,2.0176,0.0000
65.0120,0.1000,RAMP_UP,2.3950,0.0000,54.7619,32.4834,0.6338,2.0403,-0.0000
65.1120,0.1000,RAMP_UP,2.4400,0.0000,54.9305,32.6073,0.6338,2.0645,-0.0000
65.2120,0.1000,RAMP_UP,2.4850,0.0000,55.1011,32.7327,0.6338,2.0901,0.0000
65.3120,0.1000,RAMP_UP,2.5300,0.0000,55.2161,32.8172,0.6338,2.1081,0.0000
65.4120,0.1000,RAMP_UP,2.5750,0.0000,55.3904,32.9453,0.6338,2.1360,0.0000
65.5120,0.1000,RAMP_UP,2.6200,0.0000,55.5671,33.0751,0.6338,2.1653,0.0000
65.6120,0.1000,RAMP_UP,2.6650,0.0000,55.7462,33.2068,0.6338,2.1957,0.0000
65.7120,0.1000,RAMP_UP,2.7100,0.0000,55.9278,33.3403,0.6338,2.2272,0.0000
65.8120,0.1000,RAMP_UP,2.7550,0.0000,56.1121,33.4757,0.6338,2.2598,0.0000
65.9120,0.1000,RAMP_UP,2.8000,0.0000,56.2992,33.6132,0.6338,2.2935,0.0000
66.0120,0.1000,RAMP_UP,2.8450,0.0000,56.4890,33.7527,0.6338,2.3280,0.0000
66.1120,0.1000,RAMP_UP,2.8900,0.0000,56.6817,33.8943,0.6338,2.3635,0.0000
66.2120,0.1000,RAMP_UP,2.9350,0.0000,56.8773,34.0381,0.6338,2.3999,0.0000
66.3120,0.1000,RAMP_UP,2.9800,0.0000,57.0760,34.1841,0.6338,2.4370,0.0000
66.4120,0.1000,RAMP_UP,3.0250,0.0000,57.2778,34.3324,0.6338,2.4749,0.0000
66.5120,0.1000,RAMP_UP,3.0700,0.0000,57.4827,34.4830,0.6338,2.5135,-0.0000
66.6120,0.1000,RAMP_UP,3.1150,0.0000,57.6908,34.6360,0.6338,2.5527,0.0000
66.7120,0.1000,RAMP_UP,3.1600,0.0000,57.9021,34.7913,0.6338,2.5925,0.0000
66.8120,0.1000,RAMP_UP,3.2050,0.0000,58.1168,34.9491,0.6338,2.6328,0.0000
66.9120,0.1000,RAMP_UP,3.2500,0.0000,58.3347,35.1093,0.6338,2.6736,0.0000
67.0120,0.1000,RAMP_UP,3.2950,0.0000,58.4819,35.2174,0.6338,2.7012,0.0000
67.1120,0.1000,RAMP_UP,3.3400,0.0000,58.7056,35.3818,0.6338,2.7428,0.0000
67.2120,0.1000,RAMP_UP,3.3850,0.0000,58.9326,35.5487,0.6338,2.7848,0.0000
67.3120,0.1000,RAMP_UP,3.4300,0.0000,59.1631,35.7181,0.6338,2.8272,0.0000
67.4120,0.1000,RAMP_UP,3.4750,0.0000,59.3972,35.8901,0.6338,2.8701,0.0000
67.5120,0.1000,RAMP_UP,3.5200,0.0000,59.6347,36.0647,0.6338,2.9132,0.0000
67.6120,0.1000,RAMP_UP,3.5650,0.0000,59.8759,36.2419,0.6338,2.9567,-0.0000
67.7120,0.1000,RAMP_UP,3.6100,0.0000,60.1206,36.4218,0.6338,3.0006,0.0000
67.8120,0.1000,RAMP_UP,3.6550,0.0000,60.3689,36.6043,0.6338,3.0447,0.0000
67.9120,0.1000,RAMP_UP,3.7000,0.0000,60.6209,36.7895,0.6338,3.0891,0.0000
68.0120,0.1000,RAMP_UP,3.7450,0.0000,60.8765,36.9774,0.6338,3.1338,-0.0000
68.1120,0.1000,RAMP_UP,3.7900,0.0000,61.1358,37.1680,0.6338,3.1787,0.0000
68.2120,0.1000,RAMP_UP,3.8350,0.0000,61.3988,37.3613,0.6338,3.2239,0.0000
68.3120,0.1000,RAMP_UP,3.8800,0.0000,61.6656,37.5574,0.6338,3.2692,0.0000
68.4120,0.1000,RAMP_UP,3.9250,0.0000,61.9361,37.7562,0.6338,3.3148,0.0000
68.5120,0.1000,RAMP_UP,3.9700,0.0000,62.2103,37.9577,0.6338,3.3606,-0.0000
68.6120,0.1000,RAMP_UP,4.0150,0.0000,62.4883,38.1621,0.6338,3.4064,0.0000
68.7120,0.1000,RAMP_UP,4.0600,0.0000,62.7701,38.3692,0.6338,3.4524,0.0000
68.8120,0.1000,RAMP_UP,4.1050,0.0000,62.9600,38.5088,0.6338,3.4832,0.0000
68.9120,0.1000,RAMP_UP,4.1500,0.0000,63.2481,38.7205,0.6338,3.5291,0.0000
69.0120,0.1000,RAMP_UP,4.1950,0.0000,63.5399,38.9350,0.6338,3.5751,0.0000
69.1120,0.1000,RAMP_UP,4.2400,0.0000,63.8355,39.1523,0.6338,3.6211,0.0000
69.2120,0.1000,RAMP_UP,4.2850,0.0000,64.1349,39.3724,0.6338,3.6670,0.0000
69.3120,0.1000,RAMP_UP,4.3300,0.0000,64.4381,39.5952,0.6339,3.7130,0.0000
69.4120,0.1000,RAMP_UP,4.3750,0.0000,64.7451,39.8209,0.6339,3.7590,0.0000
69.5120,0.1000,RAMP_UP,4.4200,0.0000,65.0558,40.0493,0.6339,3.8049,0.0000
69.6120,0.1000,RAMP_UP,4.4650,0.0000,65.3703,40.2804,0.6339,3.8508,0.0000
69.7120,0.1000,RAMP_UP,4.5100,0.0000,65.6886,40.5144,0.6339,3.8968,0.0000
69.8120,0.1000,RAMP_UP,4.5550,0.0000,66.0107,40.7511,0.6339,3.9427,0.0000
69.9120,0.1000,RAMP_UP,4.6000,0.0000,66.3365,40.9906,0.6339,3.9887,-0.0000
70.0120,0.1000,RAMP_UP,4.6450,0.0000,66.6661,41.2329,0.6339,4.0346,0.0000
70.1120,0.1000,RAMP_UP,4.6900,0.0000,66.9995,41.4780,0.6339,4.0805,0.0000
70.2120,0.1000,RAMP_UP,4.7350,0.0000,67.3367,41.7258,0.6339,4.1264,0.0000
70.3120,0.1000,RAMP_UP,4.7800,0.0000,67.6776,41.9764,0.6339,4.1724,0.0000
70.4120,0.1000,RAMP_UP,4.8250,0.0000,67.9070,42.1450,0.6339,4.2031,0.0000
70.5120,0.1000,RAMP_UP,4.8700,0.0000,68.2542,42.4002,0.6339,4.2490,0.0000
70.6120,0.1000,RAMP_UP,4.9150,0.0000,68.6052,42.6582,0.6339,4.2949,0.0000
70.7120,0.1000,RAMP_UP,4.9600,0.0000,68.9600,42.9190,0.6339,4.3409,0.0000
70.8120,0.1000,RAMP_UP,5.0050,0.0000,69.3186,43.1826,0.6339,4.3868,0.0000
70.9120,0.1000,RAMP_UP,5.0500,0.0000,69.6809,43.4489,0.6339,4.4327,0.0000
71.0120,0.1000,RAMP_UP,5.0950,0.0000,70.0470,43.7180,0.6339,4.4786,0.0000
71.1120,0.1000,RAMP_UP,5.1400,0.0000,70.4168,43.9899,0.6339,4.5245,0.0000
71.2120,0.1000,RAMP_UP,5.1850,0.0000,70.7905,44.2646,0.6339,4.5704,0.0000
71.3120,0.1000,RAMP_UP,5.2300,0.0000,71.1679,44.5420,0.6339,4.6164,0.0000
71.4120,0.1000,RAMP_UP,5.2750,0.0000,71.5491,44.8222,0.6339,4.6623,0.0000
71.5120,0.1000,RAMP_UP,5.3200,0.0000,71.9341,45.1052,0.6339,4.7082,0.0000
71.6120,0.1000,RAMP_UP,5.3650,0.0000,72.3228,45.3909,0.6339,4.7541,0.0000
71.7120,0.1000,RAMP_UP,5.4100,0.0000,72.7153,45.6795,0.6339,4.8000,0.0000
71.8120,0.1000,RAMP_UP,5.4550,0.0000,73.1116,45.9708,0.6339,4.8459,0.0000
71.9120,0.1000,RAMP_DOWN,5.5000,0.0000,73.5117,46.2649,0.6339,4.8918,0.0000
72.0120,0.1000,RAMP_DOWN,5.4550,0.0000,73.9155,46.5617,0.6339,4.9377,0.0000
72.1120,0.1000,RAMP_DOWN,5.4100,0.0000,74.1868,46.7611,0.6339,4.9660,0.0000
72.2120,0.1000,RAMP_DOWN,5.3650,0.0000,74.5964,47.0623,0.6339,5.0042,0.0000
72.3120,0.1000,RAMP_DOWN,5.3200,0.0000,75.0090,47.3655,0.6339,5.0373,0.0000
72.4120,0.1000,RAMP_DOWN,5.2750,0.0000,75.4241,47.6707,0.6339,5.0655,0.0000
72.5120,0.1000,RAMP_DOWN,5.2300,0.0000,75.8413,47.9774,0.6339,5.0894,0.0000
72.6120,0.1000,RAMP_DOWN,5.1850,0.0000,76.2604,48.2854,0.6339,5.1090,0.0000
72.7120,0.1000,RAMP_DOWN,5.1400,0.0000,76.6808,48.5945,0.6339,5.1246,0.0000
72.8120,0.1000,RAMP_DOWN,5.0950,0.0000,77.1024,48.9044,0.6339,5.1365,0.0000
72.9120,0.1000,RAMP_DOWN,5.0500,0.0000,77.5249,49.2150,0.6339,5.1449,0.0000
73.0120,0.1000,RAMP_DOWN,5.0050,0.0000,77.9479,49.5259,0.6339,5.1501,0.0000
73.1120,0.1000,RAMP_DOWN,4.9600,0.0000,78.3711,49.8371,0.6339,5.1521,-0.0000
73.2120,0.1000,RAMP_DOWN,4.9150,0.0000,78.7945,50.1483,0.6339,5.1513,-0.0000
73.3120,0.1000,RAMP_DOWN,4.8700,0.0000,79.2176,50.4593,0.6339,5.1477,0.0000
73.4180,0.1060,RAMP_DOWN,4.8223,0.0000,79.6404,50.7701,0.6339,5.1416,0.0000
73.5120,0.0940,RAMP_DOWN,4.7800,0.0000,80.0625,51.0804,0.6339,5.1330,-0.0000
73.6120,0.1000,RAMP_DOWN,4.7350,0.0000,80.4838,51.3901,0.6339,5.1222,0.0000
73.7120,0.1000,RAMP_DOWN,4.6900,0.0000,80.9042,51.6991,0.6339,5.1093,-0.0000
73.8120,0.1000,RAMP_DOWN,4.6450,0.0000,81.1838,51.9047,0.6339,5.0995,-0.0000
73.9120,0.1000,RAMP_DOWN,4.6000,0.0000,81.6022,52.2122,0.6339,5.0833,-0.0000
74.0120,0.1000,RAMP_DOWN,4.5550,0.0000,82.0192,52.5188,0.6339,5.0654,0.0000
74.1120,0.1000,RAMP_DOWN,4.5100,0.0000,82.4346,52.8241,0.6339,5.0457,-0.0000
74.2120,0.1000,RAMP_DOWN,4.4650,0.0000,82.8483,53.1283,0.6339,5.0245,-0.0000
74.3120,0.1000,RAMP_DOWN,4.4200,0.0000,83.2603,53.4311,0.6339,5.0017,-0.0000
74.4120,0.1000,RAMP_DOWN,4.3750,0.0000,83.6703,53.7325,0.6339,4.9776,-0.0000
74.5120,0.1000,RAMP_DOWN,4.3300,0.0000,84.0782,54.0324,0.6339,4.9522,-0.0000
74.6120,0.1000,RAMP_DOWN,4.2850,0.0000,84.4841,54.3307,0.6339,4.9255,-0.0000
74.7120,0.1000,RAMP_DOWN,4.2400,0.0000,84.8876,54.6274,0.6339,4.8977,-0.0000
74.8120,0.1000,RAMP_DOWN,4.1950,0.0000,85.2889,54.9223,0.6339,4.8687,-0.0000
74.9120,0.1000,RAMP_DOWN,4.1500,0.0000,85.6877,55.2155,0.6339,4.8388,-0.0000
75.0120,0.1000,RAMP_DOWN,4.1050,0.0000,86.0840,55.5069,0.6339,4.8079,0.0000
75.1120,0.1000,RAMP_DOWN,4.0600,0.0000,86.4778,55.7963,0.6339,4.7760,-0.0000
75.2120,0.1000,RAMP_DOWN,4.0150,0.0000,86.8689,56.0838,0.6339,4.7434,-0.0000
75.3120,0.1000,RAMP_DOWN,3.9700,0.0000,87.2573,56.3693,0.6339,4.7099,-0.0000
75.4120,0.1000,RAMP_DOWN,3.9250,0.0000,87.6429,56.6527,0.6339,4.6757,-0.0000
75.5120,0.1000,RAMP_DOWN,3.8800,0.0000,87.8984,56.8406,0.6339,4.6524,0.0000
75.6120,0.1000,RAMP_DOWN,3.8350,0.0000,88.2792,57.1205,0.6339,4.6170,-0.0000
75.7120,0.1000,RAMP_DOWN,3.7900,0.0000,88.6571,57.3983,0.6339,4.5810,-0.0000
75.8120,0.1000,RAMP_DOWN,3.7450,0.0000,89.0320,57.6739,0.6339,4.5444,-0.0000
75.9120,0.1000,RAMP_DOWN,3.7000,0.0000,89.4039,57.9472,0.6339,4.5072,-0.0000
76.0120,0.1000,RAMP_DOWN,3.6550,0.0000,89.7727,58.2183,0.6339,4.4695,-0.0000
76.1120,0.1000,RAMP_DOWN,3.6100,0.0000,90.1384,58.4872,0.6339,4.4313,-0.0000
76.2120,0.1000,RAMP_DOWN,3.5650,0.0000,90.5009,58.7536,0.6339,4.3926,-0.0000
76.3120,0.1000,RAMP_DOWN,3.5200,0.0000,90.8602,59.0178,0.6339,4.3535,-0.0000
76.4120,0.1000,RAMP_DOWN,3.4750,0.0000,91.2163,59.2795,0.6339,4.3140,-0.0000
76.5120,0.1000,RAMP_DOWN,3.4300,0.0000,91.5692,59.5389,0.6339,4.2741,0.0000
76.6120,0.1000,RAMP_DOWN,3.3850,0.0000,91.9187,59.7958,0.6339,4.2339,-0.0000
76.7120,0.1000,RAMP_DOWN,3.3400,0.0000,92.2649,60.0503,0.6339,4.1933,-0.0000
76.8120,0.1000,RAMP_DOWN,3.2950,0.0000,92.6078,60.3024,0.6339,4.1522,-0.0000
76.9120,0.1000,RAMP_DOWN,3.2500,0.0000,92.9472,60.5519,0.6339,4.1106,-0.0000
77.0120,0.1000,RAMP_DOWN,3.2050,0.0000,93.2833,60.7989,0.6339,4.0685,0.0000
77.1120,0.1000,RAMP_DOWN,3.1600,0.0000,93.6158,61.0434,0.6339,4.0259,-0.0000
77.2120,0.1000,RAMP_DOWN,3.1150,0.0000,93.8355,61.2049,0.6339,3.9967,-0.0000
77.3120,0.1000,RAMP_DOWN,3.0700,0.0000,94.1621,61.4450,0.6339,3.9534,-0.0000
77.4120,0.1000,RAMP_DOWN,3.0250,0.0000,94.4852,61.6824,0.6339,3.9096,-0.0000
77.5120,0.1000,RAMP_DOWN,2.9800,0.0000,94.8046,61.9172,0.6339,3.8655,-0.0000
77.6120,0.1000,RAMP_DOWN,2.9350,0.0000,95.1204,62.1493,0.6339,3.8210,-0.0000
77.7120,0.1000,RAMP_DOWN,2.8900,0.0000,95.4325,62.3788,0.6339,3.7762,-0.0000
77.8120,0.1000,RAMP_DOWN,2.8450,0.0000,95.7409,62.6055,0.6339,3.7311,-0.0000
77.9120,0.1000,RAMP_DOWN,2.8000,0.0000,96.0456,62.8295,0.6339,3.6856,-0.0000
78.0120,0.1000,RAMP_DOWN,2.7550,0.0000,96.3466,63.0507,0.6339,3.6399,-0.0000
78.1120,0.1000,RAMP_DOWN,2.7100,0.0000,96.6437,63.2691,0.6339,3.5939,0.0000
78.2120,0.1000,RAMP_DOWN,2.6650,0.0000,96.9371,63.4848,0.6339,3.5476,-0.0000
78.3120,0.1000,RAMP_DOWN,2.6200,0.0000,97.2267,63.6976,0.6339,3.5009,-0.0000
78.4120,0.1000,RAMP_DOWN,2.5750,0.0000,97.5124,63.9077,0.6339,3.4539,-0.0000
78.5120,0.1000,RAMP_DOWN,2.5300,0.0000,97.7943,64.1148,0.6339,3.4066,0.0000
78.6120,0.1000,RAMP_DOWN,2.4850,0.0000,98.0722,64.3191,0.6339,3.3590,-0.0000
78.7120,0.1000,RAMP_DOWN,2.4400,0.0000,98.3462,64.5205,0.6339,3.3111,-0.0000
78.8120,0.1000,RAMP_DOWN,2.3950,0.0000,98.6163,64.7191,0.6339,3.2629,-0.0000
78.9120,0.1000,RAMP_DOWN,2.3500,0.0000,98.7941,64.8498,0.6339,3.2306,-0.0000
79.0120,0.1000,RAMP_DOWN,2.3050,0.0000,99.0575,65.0434,0.6339,3.1820,-0.0000
79.1120,0.1000,RAMP_DOWN,2.2600,0.0000,99.3170,65.2341,0.6339,3.1332,-0.0000
79.2120,0.1000,RAMP_DOWN,2.2150,0.0000,99.5724,65.4219,0.6339,3.0841,-0.0000
79.3120,0.1000,RAMP_DOWN,2.1700,0.0000,99.8238,65.6066,0.6339,3.0349,-0.0000
79.4120,0.1000,RAMP_DOWN,2.1250,0.0000,100.0711,65.7884,0.6339,2.9855,-0.0000
79.5120,0.1000,RAMP_DOWN,2.0800,0.0000,100.3143,65.9672,0.6339,2.9358,-0.0000
79.6120,0.1000,RAMP_DOWN,2.0350,0.0000,100.5535,66.1430,0.6339,2.8858,-0.0000
79.7120,0.1000,RAMP_DOWN,1.9900,0.0000,100.7885,66.3158,0.6339,2.8355,-0.0000
79.8120,0.1000,RAMP_DOWN,1.9450,0.0000,101.0194,66.4855,0.6339,2.7851,-0.0000
79.9120,0.1000,RAMP_DOWN,1.9000,0.0000,101.2461,66.6522,0.6339,2.7344,0.0000
80.0120,0.1000,RAMP_DOWN,1.8550,0.0000,101.4687,66.8158,0.6339,2.6835,-0.0000
80.1120,0.1000,RAMP_DOWN,1.8100,0.0000,101.6871,66.9763,0.6339,2.6324,-0.0000
80.2120,0.1000,RAMP_DOWN,1.7650,0.0000,101.9012,67.1337,0.6339,2.5812,-0.0000
80.3120,0.1000,RAMP_DOWN,1.7200,0.0000,102.1112,67.2880,0.6339,2.5298,-0.0000
80.4120,0.1000,RAMP_DOWN,1.6750,0.0000,102.3169,67.4393,0.6339,2.4782,-0.0000
80.5120,0.1000,RAMP_DOWN,1.6300,0.0000,102.5184,67.5873,0.6339,2.4266,-0.0000
80.6120,0.1000,RAMP_DOWN,1.5850,0.0000,102.6503,67.6843,0.6339,2.3920,-0.0000
80.7120,0.1000,RAMP_DOWN,1.5400,0.0000,102.8447,67.8272,0.6339,2.3401,0.0000
80.8120,0.1000,RAMP_DOWN,1.4950,0.0000,103.0348,67.9670,0.6339,2.2883,-0.0000
80.9120,0.1000,RAMP_DOWN,1.4500,0.0000,103.2207,68.1036,0.6339,2.2366,-0.0000
81.0120,0.1000,RAMP_DOWN,1.4050,0.0000,103.4023,68.2371,0.6339,2.1851,-0.0000
81.1120,0.1000,RAMP_DOWN,1.3600,0.0000,103.5797,68.3675,0.6339,2.1336,-0.0000
81.2120,0.1000,RAMP_DOWN,1.3150,0.0000,103.7529,68.4948,0.6339,2.0823,-0.0000
81.3120,0.1000,RAMP_DOWN,1.2700,0.0000,103.9218,68.6190,0.6339,2.0310,-0.0000
81.4120,0.1000,RAMP_DOWN,1.2250,0.0000,104.0866,68.7401,0.6339,1.9799,-0.0000
81.5120,0.1000,RAMP_DOWN,1.1800,0.0000,104.2471,68.8581,0.6339,1.9289,0.0000
81.6120,0.1000,RAMP_DOWN,1.1350,0.0000,104.4035,68.9730,0.6339,1.8779,-0.0000
81.7120,0.1000,RAMP_DOWN,1.0900,0.0000,104.5556,69.0849,0.6339,1.8271,0.0000
81.8120,0.1000,RAMP_DOWN,1.0450,0.0000,104.7036,69.1936,0.6339,1.7763,-0.0000
81.9120,0.1000,RAMP_DOWN,1.0000,0.0000,104.8474,69.2994,0.6339,1.7256,-0.0000
82.0120,0.1000,CHIRP_HIGH_SPEED,4.5000,0.0000,104.9871,69.4020,0.6339,1.6750,-0.0000
82.1120,0.1000,CHIRP_HIGH_SPEED,4.5000,0.0131,105.1273,69.5050,0.6339,1.7805,0.0000
82.2120,0.1000,CHIRP_HIGH_SPEED,4.5000,0.0274,105.2800,69.6174,0.6343,1.9382,0.0106
82.3120,0.1000,CHIRP_HIGH_SPEED,4.5000,0.0426,105.3889,69.6975,0.6354,2.0383,0.0250
82.4120,0.1000,CHIRP_HIGH_SPEED,4.5000,0.0588,105.5619,69.8255,0.6389,2.1813,0.0486
82.5120,0.1000,CHIRP_HIGH_SPEED,4.5000,0.0756,105.7456,69.9628,0.6450,2.3161,0.0754
82.6120,0.1000,CHIRP_HIGH_SPEED,4.5000,0.0928,105.9389,70.1095,0.6538,2.4436,0.1048
82.7120,0.1000,CHIRP_HIGH_SPEED,4.5000,0.1102,106.1407,70.2660,0.6658,2.5642,0.1367
82.8120,0.1000,CHIRP_HIGH_SPEED,4.5000,0.1274,106.3497,70.4327,0.6812,2.6782,0.1709
82.9120,0.1000,CHIRP_HIGH_SPEED,4.5000,0.1439,106.5646,70.6101,0.7002,2.7859,0.2072
83.0120,0.1000,CHIRP_HIGH_SPEED,4.5000,0.1593,106.7837,70.7990,0.7229,2.8874,0.2446
83.1120,0.1000,CHIRP_HIGH_SPEED,4.5000,0.1731,107.0056,71.0000,0.7494,2.9826,0.2786
83.2120,0.1000,CHIRP_HIGH_SPEED,4.5000,0.1846,107.2285,71.2136,0.7794,3.0715,0.3136
83.3120,0.1000,CHIRP_HIGH_SPEED,4.5000,0.1934,107.4507,71.4405,0.8130,3.1555,0.3441
83.4120,0.1000,CHIRP_HIGH_SPEED,4.5000,0.1986,107.6704,71.6812,0.8495,3.2350,0.3707
83.5120,0.1000,CHIRP_HIGH_SPEED,4.5000,0.1999,107.8859,71.9361,0.8885,3.3108,0.3917
83.6120,0.1000,CHIRP_HIGH_SPEED,4.5000,0.1966,108.0957,72.2054,0.9293,3.3837,0.4048
83.7120,0.1000,CHIRP_HIGH_SPEED,4.5000,0.1882,108.2985,72.4890,0.9710,3.4541,0.4082
83.8120,0.1000,CHIRP_HIGH_SPEED,4.5000,0.1745,108.4931,72.7867,1.0125,3.5225,0.4000
83.9120,0.1000,CHIRP_HIGH_SPEED,4.5000,0.1553,108.6789,73.0981,1.0525,3.5887,0.3794
84.0120,0.1000,CHIRP_HIGH_SPEED,4.5000,0.1307,108.7978,73.3128,1.0778,3.6315,0.3602
84.1120,0.1000,CHIRP_HIGH_SPEED,4.5000,0.1009,108.9687,73.6449,1.1124,3.6916,0.3185
84.2120,0.1000,CHIRP_HIGH_SPEED,4.5000,0.0667,109.1314,73.9876,1.1421,3.7461,0.2668
84.3120,0.1000,CHIRP_HIGH_SPEED,4.5000,0.0290,109.2868,74.3394,1.1662,3.7957,0.2067
84.4120,0.1000,CHIRP_HIGH_SPEED,4.5000,-0.0111,109.4368,74.6989,1.1839,3.8439,0.1437
84.5120,0.1000,CHIRP_HIGH_SPEED,4.5000,-0.0518,109.5833,75.0650,1.1954,3.8914,0.0829
84.6120,0.1000,CHIRP_HIGH_SPEED,4.5000,-0.0913,109.7287,75.4366,1.1989,3.9356,-0.0090
84.7120,0.1000,CHIRP_HIGH_SPEED,4.5000,-0.1277,109.8758,75.8121,1.1943,3.9746,-0.0895
84.8120,0.1000,CHIRP_HIGH_SPEED,4.5000,-0.1587,110.0279,76.1896,1.1800,4.0084,-0.1877
84.9120,0.1000,CHIRP_HIGH_SPEED,4.5000,-0.1823,110.1885,76.5671,1.1556,4.0381,-0.2871
85.0120,0.1000,CHIRP_HIGH_SPEED,4.5000,-0.1965,110.3612,76.9423,1.1216,4.0650,-0.3784
85.1120,0.1000,CHIRP_HIGH_SPEED,4.5000,-0.1997,110.5495,77.3131,1.0794,4.0923,-0.4434
85.2120,0.1000,CHIRP_HIGH_SPEED,4.5000,-0.1910,110.7557,77.6775,1.0321,4.1226,-0.4728
85.3120,0.1000,CHIRP_HIGH_SPEED,4.5000,-0.1701,110.9809,78.0343,0.9835,4.1569,-0.4645
85.4120,0.1000,CHIRP_HIGH_SPEED,4.5000,-0.1374,111.2250,78.3830,0.9373,4.1942,-0.4202
85.5120,0.1000,CHIRP_HIGH_SPEED,4.5000,-0.0945,111.4863,78.7236,0.8966,4.2290,-0.3624
85.6120,0.1000,CHIRP_HIGH_SPEED,4.5000,-0.0439,111.7624,79.0570,0.8629,4.2610,-0.2943
85.7120,0.1000,CHIRP_HIGH_SPEED,4.5000,0.0111,111.9532,79.2758,0.8445,4.2793,-0.2460
85.8120,0.1000,CHIRP_HIGH_SPEED,4.5000,0.0664,112.2474,79.6001,0.8256,4.3061,-0.1338
85.9120,0.1000,CHIRP_HIGH_SPEED,4.5000,0.1174,112.5475,79.9224,0.8187,4.3276,-0.0058
86.0120,0.1000,CHIRP_HIGH_SPEED,4.5000,0.1593,112.8489,80.2461,0.8254,4.3447,0.1357
86.1120,0.1000,CHIRP_HIGH_SPEED,4.5000,0.1879,113.1469,80.5748,0.8459,4.3559,0.2745
86.2120,0.1000,CHIRP_HIGH_SPEED,4.5000,0.1998,113.4364,80.9123,0.8797,4.3623,0.3957
86.3120,0.1000,CHIRP_HIGH_SPEED,4.5000,0.1928,113.7127,81.2613,0.9244,4.3689,0.4818
86.4120,0.1000,CHIRP_HIGH_SPEED,4.5000,0.1665,113.9723,81.6241,0.9754,4.3831,0.5051
86.5120,0.1000,CHIRP_HIGH_SPEED,4.5000,0.1226,114.2139,82.0013,1.0260,4.4051,0.4704
86.6120,0.1000,CHIRP_HIGH_SPEED,4.5000,0.0648,114.4383,82.3917,1.0711,4.4293,0.4003
86.7120,0.1000,CHIRP_HIGH_SPEED,4.5000,-0.0011,114.6477,82.7933,1.1075,4.4531,0.3006
86.8120,0.1000,CHIRP_HIGH_SPEED,4.5000,-0.0680,114.8455,83.2032,1.1323,4.4740,0.1738
86.9120,0.1000,CHIRP_HIGH_SPEED,4.5000,-0.1279,115.0369,83.6183,1.1428,4.4911,0.0265
87.0120,0.1000,CHIRP_HIGH_SPEED,4.5000,-0.1732,115.2276,84.0353,1.1385,4.5014,-0.1146
87.1120,0.1000,CHIRP_HIGH_SPEED,4.5000,-0.1973,115.4234,84.4505,1.1190,4.5017,-0.2774
87.2120,0.1000,CHIRP_HIGH_SPEED,4.5000,-0.1960,115.6305,84.8600,1.0835,4.4978,-0.4171
87.3120,0.1000,CHIRP_HIGH_SPEED,4.5000,-0.1683,115.8544,85.2602,1.0366,4.4979,-0.4909
87.4120,0.1000,CHIRP_HIGH_SPEED,4.5000,-0.1167,116.0146,85.5209,1.0029,4.5057,-0.4838
87.5120,0.1000,CHIRP_HIGH_SPEED,4.5000,-0.0477,116.2714,85.9027,0.9554,4.5222,-0.4275
87.6120,0.1000,CHIRP_HIGH_SPEED,4.5000,0.0294,116.5457,86.2745,0.9163,4.5417,-0.3219
87.7120,0.1000,CHIRP_HIGH_SPEED,4.5000,0.1031,116.8334,86.6385,0.8897,4.5566,-0.1885
87.8120,0.1000,CHIRP_HIGH_SPEED,4.5000,0.1617,117.1288,86.9979,0.8786,4.5651,-0.0451
87.9120,0.1000,CHIRP_HIGH_SPEED,4.5000,0.1950,117.4259,87.3564,0.8816,4.5638,0.1177
88.0120,0.1000,CHIRP_HIGH_SPEED,4.5000,0.1965,117.7185,87.7180,0.9023,4.5571,0.2757
88.1120,0.1000,CHIRP_HIGH_SPEED,4.5000,0.1644,118.0002,88.0871,0.9377,4.5489,0.4079
88.2120,0.1000,CHIRP_HIGH_SPEED,4.5000,0.1030,118.2662,88.4670,0.9826,4.5513,0.4460
88.3120,0.1000,CHIRP_HIGH_SPEED,4.5000,0.0223,118.5152,88.8592,1.0269,4.5627,0.3987
88.4120,0.1000,CHIRP_HIGH_SPEED,4.5000,-0.0636,118.7488,89.2624,1.0626,4.5784,0.2862
88.5120,0.1000,CHIRP_HIGH_SPEED,4.5000,-0.1384,118.9711,89.6737,1.0856,4.5924,0.1396
88.6120,0.1000,CHIRP_HIGH_SPEED,4.5000,-0.1872,119.1876,90.0892,1.0932,4.5966,0.0135
88.7120,0.1000,CHIRP_HIGH_SPEED,4.5000,-0.1991,119.4037,90.5051,1.0876,4.5952,-0.1180
88.8120,0.1000,CHIRP_HIGH_SPEED,4.5000,-0.1703,119.6247,90.9177,1.0680,4.5855,-0.2597
88.9120,0.1000,CHIRP_HIGH_SPEED,4.5000,-0.1052,119.8560,91.3233,1.0355,4.5764,-0.3473
89.0120,0.1000,CHIRP_HIGH_SPEED,4.5000,-0.0167,120.1013,91.7200,0.9982,4.5776,-0.3444
89.1120,0.1000,CHIRP_HIGH_SPEED,4.5000,0.0765,120.2730,91.9797,0.9757,4.5820,-0.3067
89.2120,0.1000,CHIRP_HIGH_SPEED,4.5000,0.1535,120.5405,92.3633,0.9502,4.5897,-0.1666
89.3120,0.1000,CHIRP_HIGH_SPEED,4.5000,0.1957,120.8149,92.7427,0.9413,4.5922,-0.0204
89.4120,0.1000,CHIRP_HIGH_SPEED,4.5000,0.1919,121.0901,93.1216,0.9465,4.5890,0.1171
89.5120,0.1000,CHIRP_HIGH_SPEED,4.5000,0.1414,121.3601,93.5031,0.9657,4.5751,0.2565
89.6120,0.1000,CHIRP_HIGH_SPEED,4.5000,0.0552,121.6192,93.8902,0.9985,4.5623,0.3567
89.7120,0.1000,CHIRP_HIGH_SPEED,4.5000,-0.0459,121.8639,94.2858,1.0349,4.5663,0.3335
89.8120,0.1000,CHIRP_HIGH_SPEED,4.5000,-0.1362,122.0959,94.6904,1.0634,4.5828,0.2141
89.9120,0.1000,CHIRP_HIGH_SPEED,4.5000,-0.1911,122.3199,95.1013,1.0781,4.5944,0.0870
90.0120,0.1000,CHIRP_HIGH_SPEED,4.5000,-0.1947,122.5408,95.5148,1.0796,4.6009,-0.0458
90.1120,0.1000,CHIRP_HIGH_SPEED,4.5000,-0.1442,122.7641,95.9274,1.0675,4.6016,-0.1872
90.2120,0.1000,CHIRP_HIGH_SPEED,4.5000,-0.0523,122.9951,96.3357,1.0423,4.5993,-0.2827
90.3120,0.1000,CHIRP_HIGH_SPEED,4.5000,0.0556,123.2378,96.7370,1.0118,4.6025,-0.2811
90.4120,0.1000,CHIRP_HIGH_SPEED,4.5000,0.1482,123.4921,97.1320,0.9878,4.6099,-0.1759
90.5120,0.1000,CHIRP_HIGH_SPEED,4.5000,0.1968,123.7536,97.5230,0.9776,4.6163,-0.0097
90.6120,0.1000,CHIRP_HIGH_SPEED,4.5000,0.1853,124.0162,97.9140,0.9838,4.6182,0.1378
90.7120,0.1000,CHIRP_HIGH_SPEED,4.5000,0.1153,124.2733,98.3083,1.0047,4.6118,0.2649
90.8120,0.1000,CHIRP_HIGH_SPEED,4.5000,0.0077,124.4387,98.5744,1.0255,4.6079,0.3248
90.9120,0.1000,CHIRP_HIGH_SPEED,4.5000,-0.1034,124.6757,98.9802,1.0585,4.6128,0.2892
91.0120,0.1000,CHIRP_HIGH_SPEED,4.5000,-0.1810,124.9013,99.3936,1.0814,4.6248,0.1511
91.1120,0.1000,CHIRP_HIGH_SPEED,4.5000,-0.1976,125.1212,99.8112,1.0882,4.6313,0.0021
91.2120,0.1000,CHIRP_HIGH_SPEED,4.5000,-0.1459,125.3413,100.2291,1.0816,4.6315,-0.1340
91.3120,0.1000,CHIRP_HIGH_SPEED,4.5000,-0.0422,125.5668,100.6436,1.0612,4.6243,-0.2446
91.4120,0.1000,CHIRP_HIGH_SPEED,4.5000,0.0777,125.8022,101.0517,1.0332,4.6192,-0.2741
91.5120,0.1000,CHIRP_HIGH_SPEED,4.5000,0.1700,126.0486,101.4533,1.0095,4.6208,-0.1930
91.6120,0.1000,CHIRP_HIGH_SPEED,4.5000,0.1995,126.3024,101.8506,0.9984,4.6256,-0.0163
91.7120,0.1000,CHIRP_HIGH_SPEED,4.5000,0.1534,126.5575,102.2477,1.0038,4.6282,0.1209
91.8120,0.1000,CHIRP_HIGH_SPEED,4.5000,0.0475,126.8075,102.6477,1.0221,4.6237,0.2254
91.9120,0.1000,CHIRP_HIGH_SPEED,4.5000,-0.0780,127.0481,103.0530,1.0484,4.6228,0.2553
92.0120,0.1000,CHIRP_HIGH_SPEED,4.5000,-0.1732,127.2787,103.4646,1.0703,4.6315,0.1508
92.1120,0.1000,CHIRP_HIGH_SPEED,4.5000,-0.1983,127.5032,103.8805,1.0782,4.6358,0.0031
92.2120,0.1000,CHIRP_HIGH_SPEED,4.5000,-0.1412,127.7272,104.2968,1.0739,4.6339,-0.1314
92.3120,0.1000,CHIRP_HIGH_SPEED,4.5000,-0.0240,127.9559,104.7101,1.0556,4.6307,-0.2158
92.4120,0.1000,CHIRP_HIGH_SPEED,4.5000,0.1045,128.1935,105.1178,1.0306,4.6284,-0.2253
92.5120,0.1000,CHIRP_HIGH_SPEED,4.5000,0.1882,128.3573,105.3865,1.0169,4.6294,-0.1724
92.6120,0.1000,CHIRP_HIGH_SPEED,4.5000,0.1888,128.6081,105.7868,1.0080,4.6332,-0.0068
92.7120,0.1000,CHIRP_HIGH_SPEED,4.5000,0.1041,128.8593,106.1872,1.0153,4.6340,0.1401
92.8120,0.1000,CHIRP_HIGH_SPEED,4.5000,-0.0291,129.1045,106.5906,1.0358,4.6251,0.2435
92.9120,0.1000,CHIRP_HIGH_SPEED,4.5000,-0.1496,129.3396,106.9993,1.0617,4.6268,0.2147
93.0120,0.1000,CHIRP_HIGH_SPEED,4.5000,-0.2000,129.5661,107.4136,1.0763,4.6354,0.0478
93.1120,0.1000,CHIRP_HIGH_SPEED,4.5000,-0.1543,129.7904,107.8298,1.0743,4.6382,-0.0872
93.2120,0.1000,CHIRP_HIGH_SPEED,4.5000,-0.0327,130.0184,108.2440,1.0594,4.6367,-0.1890
93.3120,0.1000,CHIRP_HIGH_SPEED,4.5000,0.1060,130.2544,108.6533,1.0351,4.6327,-0.2467
93.4120,0.1000,CHIRP_HIGH_SPEED,4.5000,0.1920,130.5004,109.0568,1.0137,4.6382,-0.1318
93.5120,0.1000,CHIRP_HIGH_SPEED,4.5000,0.1801,130.7526,109.4573,1.0060,4.6430,-0.0093
93.6120,0.1000,CHIRP_HIGH_SPEED,4.5000,0.0742,131.0053,109.8577,1.0120,4.6427,0.1252
93.7120,0.1000,CHIRP_HIGH_SPEED,4.5000,-0.0715,131.2528,110.2611,1.0300,4.6391,0.2008
93.8120,0.1000,CHIRP_HIGH_SPEED,4.5000,-0.1798,131.4923,110.6691,1.0490,4.6422,0.1305
93.9120,0.1000,CHIRP_HIGH_SPEED,4.5000,-0.1908,131.7266,111.0807,1.0548,4.6446,-0.0191
94.0120,0.1000,CHIRP_HIGH_SPEED,4.5000,-0.0964,131.9612,111.4920,1.0481,4.6420,-0.1371
94.1120,0.1000,CHIRP_HIGH_SPEED,4.5000,0.0527,132.2011,111.8997,1.0286,4.6371,-0.2111
94.2120,0.1000,CHIRP_HIGH_SPEED,4.5000,0.1727,132.3657,112.1683,1.0134,4.6341,-0.2124
94.3120,0.1000,CHIRP_HIGH_SPEED,4.5000,0.1937,132.6192,112.5674,0.9993,4.6359,-0.0549
94.4120,0.1000,CHIRP_HIGH_SPEED,4.5000,0.1013,132.8748,112.9651,1.0026,4.6330,0.1032
94.5120,0.1000,CHIRP_HIGH_SPEED,4.5000,-0.0518,133.1258,113.3650,1.0199,4.6286,0.2064
94.6120,0.1000,CHIRP_HIGH_SPEED,4.5000,-0.1745,133.3683,113.7699,1.0424,4.6292,0.1917
94.7120,0.1000,CHIRP_HIGH_SPEED,4.5000,-0.1914,133.6034,114.1796,1.0550,4.6358,0.0460
94.8120,0.1000,CHIRP_HIGH_SPEED,4.5000,-0.0898,133.8368,114.5906,1.0513,4.6358,-0.0962
94.9120,0.1000,CHIRP_HIGH_SPEED,4.5000,0.0687,134.0744,114.9989,1.0344,4.6308,-0.2002
95.0120,0.1000,CHIRP_HIGH_SPEED,4.5000,0.1844,134.3199,115.4022,1.0135,4.6300,-0.1701
95.1120,0.1000,CHIRP_HIGH_SPEED,4.5000,0.1818,134.5722,115.8015,1.0040,4.6334,-0.0049
95.2120,0.1000,CHIRP_HIGH_SPEED,4.5000,0.0604,134.8252,116.2007,1.0102,4.6331,0.1278
95.3120,0.1000,CHIRP_HIGH_SPEED,4.5000,-0.1017,135.0728,116.6026,1.0285,4.6258,0.1976
95.4120,0.1000,CHIRP_HIGH_SPEED,4.5000,-0.1963,135.3122,117.0091,1.0471,4.6297,0.1119
95.5120,0.1000,CHIRP_HIGH_SPEED,4.5000,-0.1580,135.5468,117.4189,1.0523,4.6343,-0.0194
95.6120,0.1000,CHIRP_HIGH_SPEED,4.5000,-0.0107,135.7822,117.8288,1.0447,4.6333,-0.1365
95.7120,0.1000,CHIRP_HIGH_SPEED,4.5000,0.1448,136.0229,118.2351,1.0266,4.6307,-0.1790
95.8120,0.1000,CHIRP_HIGH_SPEED,4.5000,0.1988,136.2707,118.6373,1.0131,4.6351,-0.0674
95.9120,0.1000,CHIRP_HIGH_SPEED,4.5000,0.1109,136.4378,118.9046,1.0117,4.6368,0.0237
96.0120,0.1000,CHIRP_HIGH_SPEED,4.5000,-0.0578,136.6872,119.3062,1.0206,4.6352,0.1317
96.1120,0.1000,CHIRP_HIGH_SPEED,4.5000,-0.1849,136.9309,119.7110,1.0377,4.6332,0.1609
96.2120,0.1000,CHIRP_HIGH_SPEED,4.5000,-0.1753,137.1686,120.1196,1.0474,4.6372,0.0069
96.3120,0.1000,CHIRP_HIGH_SPEED,4.5000,-0.0339,137.4059,120.5286,1.0405,4.6353,-0.1352
96.4120,0.1000,CHIRP_HIGH_SPEED,4.5000,0.1340,137.6485,120.9339,1.0208,4.6304,-0.2134
96.5120,0.1000,CHIRP_HIGH_SPEED,4.5000,0.1995,137.8995,121.3339,1.0016,4.6339,-0.1271
96.6120,0.1000,CHIRP_HIGH_SPEED,4.5000,0.1098,138.1560,121.7310,0.9953,4.6374,0.0054
96.7120,0.1000,CHIRP_HIGH_SPEED,4.5000,-0.0668,138.4124,122.1284,1.0020,4.6356,0.1116
96.8120,0.1000,CHIRP_HIGH_SPEED,4.5000,-0.1909,138.6640,122.5283,1.0166,4.6340,0.1238
96.9120,0.1000,CHIRP_HIGH_SPEED,4.5000,-0.1615,138.9111,122.9313,1.0220,4.6361,-0.0334
97.0120,0.1000,CHIRP_HIGH_SPEED,4.5000,-0.0000,139.1593,123.3336,1.0120,4.6328,-0.1585
97.1120,0.1000,STEP_STEERING,3.0000,0.3000,139.4136,123.7314,0.9913,4.6295,-0.2023
97.2120,0.1000,STEP_STEERING,3.0000,0.3000,139.6746,124.1225,0.9757,4.5731,-0.0854
97.3120,0.1000,STEP_STEERING,3.0000,0.3000,139.9343,124.5046,0.9740,4.4879,0.0484
97.4120,0.1000,STEP_STEERING,3.0000,0.3000,140.1873,124.8807,0.9856,4.4011,0.1774
97.5120,0.1000,STEP_STEERING,3.0000,0.3000,140.4286,125.2539,1.0102,4.3156,0.3029
97.6120,0.1000,STEP_STEERING,3.0000,0.3000,140.5808,125.5024,1.0336,4.2579,0.3826
97.7120,0.1000,STEP_STEERING,3.0000,0.3000,140.7926,125.8760,1.0786,4.1623,0.4983
97.8120,0.1000,STEP_STEERING,3.0000,0.3000,140.9804,126.2508,1.1357,4.0657,0.5920
97.9120,0.1000,STEP_STEERING,3.0000,0.3000,141.1411,126.6277,1.2013,3.9784,0.6779
98.0120,0.1000,STEP_STEERING,3.0000,0.3000,141.2731,127.0077,1.2722,3.9144,0.7097
98.1120,0.1000,STEP_STEERING,3.0000,0.3000,141.3758,127.3902,1.3451,3.8563,0.7149
98.2120,0.1000,STEP_STEERING,3.0000,0.3000,141.4493,127.7737,1.4175,3.8030,0.7058
98.3120,0.1000,STEP_STEERING,3.0000,0.3000,141.4944,128.1559,1.4897,3.7474,0.7078
98.4120,0.1000,STEP_STEERING,3.0000,0.3000,141.5117,128.5352,1.5608,3.7007,0.6854
98.5120,0.1000,STEP_STEERING,3.0000,0.3000,141.5024,128.9098,1.6307,3.6536,0.6719
98.6120,0.1000,STEP_STEERING,3.0000,0.3000,141.4676,129.2782,1.6992,3.6104,0.6609
98.7120,0.1000,STEP_STEERING,3.0000,0.3000,141.4086,129.6397,1.7655,3.5773,0.6417
98.8120,0.1000,STEP_STEERING,3.0000,0.3000,141.3268,129.9932,1.8309,3.5426,0.6375
98.9120,0.1000,STEP_STEERING,3.0000,0.3000,141.2233,130.3374,1.8951,3.5119,0.6252
99.0120,0.1000,STEP_STEERING,3.0000,0.3000,141.0990,130.6714,1.9587,3.4812,0.6195
99.1120,0.1000,STEP_STEERING,3.0000,-0.3000,140.9552,130.9942,2.0215,3.4523,0.6136
99.2120,0.1000,STEP_STEERING,3.0000,-0.3000,140.7927,131.3053,2.0814,3.4408,0.5318
99.3120,0.1000,STEP_STEERING,3.0000,-0.3000,140.6750,131.5072,2.1152,3.4348,0.4591
99.4120,0.1000,STEP_STEERING,3.0000,-0.3000,140.4877,131.8020,2.1562,3.4142,0.3483
99.5120,0.1000,STEP_STEERING,3.0000,-0.3000,140.2916,132.0878,2.1870,3.3845,0.2579
99.6120,0.1000,STEP_STEERING,3.0000,-0.3000,140.0899,132.3657,2.2093,3.3483,0.1813
99.7120,0.1000,STEP_STEERING,3.0000,-0.3000,139.8854,132.6365,2.2238,3.3084,0.0908
99.8120,0.1000,STEP_STEERING,3.0000,-0.3000,139.6809,132.9022,2.2282,3.2662,-0.0029
99.9120,0.1000,STEP_STEERING,3.0000,-0.3000,139.4792,133.1645,2.2227,3.2216,-0.1000
100.0120,0.1000,STEP_STEERING,3.0000,-0.3000,139.2831,133.4252,2.2073,3.1750,-0.1991
100.1120,0.1000,STEP_STEERING,3.0000,-0.3000,139.0951,133.6858,2.1818,3.1272,-0.2999
100.2120,0.1000,STEP_STEERING,3.0000,-0.3000,138.9180,133.9481,2.1459,3.0799,-0.4038
100.3120,0.1000,STEP_STEERING,3.0000,-0.3000,138.7541,134.2136,2.0998,3.0414,-0.4926
100.4120,0.1000,STEP_STEERING,3.0000,-0.3000,138.6050,134.4844,2.0476,3.0255,-0.5261
100.5120,0.1000,STEP_STEERING,3.0000,-0.3000,138.4710,134.7618,1.9933,3.0193,-0.5366
100.6120,0.1000,STEP_STEERING,3.0000,-0.3000,138.3526,135.0458,1.9385,3.0152,-0.5370
100.7120,0.1000,STEP_STEERING,3.0000,-0.3000,138.2500,135.3353,1.8839,3.0112,-0.5344
100.8120,0.1000,STEP_STEERING,3.0000,-0.3000,138.1635,135.6297,1.8295,3.0072,-0.5319
100.9120,0.1000,STEP_STEERING,3.0000,-0.3000,138.0931,135.9279,1.7754,3.0035,-0.5302
101.0120,0.1000,STEP_STEERING,3.0000,-0.3000,138.0552,136.1284,1.7394,3.0010,-0.5294
101.1120,0.1000,STEP_STEERING,3.0000,0.3000,138.0121,136.4311,1.6854,2.9979,-0.5278
101.2120,0.1000,STEP_STEERING,3.0000,0.3000,137.9851,136.7358,1.6329,3.0016,-0.4923
101.3120,0.1000,STEP_STEERING,3.0000,0.3000,137.9731,137.0422,1.5896,3.0115,-0.3606
101.4120,0.1000,STEP_STEERING,3.0000,0.3000,137.9725,137.3484,1.5575,2.9945,-0.2634
101.5120,0.1000,STEP_STEERING,3.0000,0.3000,137.9800,137.6519,1.5358,2.9583,-0.1650
101.6120,0.1000,STEP_STEERING,3.0000,0.3000,137.9926,137.9503,1.5233,2.8984,-0.0816
101.7120,0.1000,STEP_STEERING,3.0000,0.3000,138.0073,138.2418,1.5192,2.8375,0.0164
101.8120,0.1000,STEP_STEERING,3.0000,0.3000,138.0215,138.5307,1.5260,2.8491,0.1195
101.9120,0.1000,STEP_STEERING,3.0000,0.3000,138.0323,138.8243,1.5439,2.9186,0.2294
102.0120,0.1000,STEP_STEERING,3.0000,0.3000,138.0363,139.1242,1.5723,2.9480,0.3240
102.1120,0.1000,STEP_STEERING,3.0000,0.3000,138.0305,139.4227,1.6098,2.9004,0.4314
102.2120,0.1000,STEP_STEERING,3.0000,0.3000,138.0121,139.7167,1.6566,2.8772,0.4963
102.3120,0.1000,STEP_STEERING,3.0000,0.3000,137.9796,140.0085,1.7070,2.8755,0.5177
102.4120,0.1000,STEP_STEERING,3.0000,0.3000,137.9322,140.2984,1.7590,2.8814,0.5172
102.5120,0.1000,STEP_STEERING,3.0000,0.3000,137.8696,140.5857,1.8115,2.8868,0.5159
102.6120,0.1000,STEP_STEERING,3.0000,0.3000,137.7919,140.8700,1.8637,2.8953,0.5115
102.7120,0.1000,STEP_STEERING,3.0000,0.3000,137.7318,141.0575,1.8985,2.9003,0.5106
102.8120,0.1000,STEP_STEERING,3.0000,0.3000,137.5918,141.4265,1.9680,2.9088,0.5111
102.9120,0.1000,STEP_STEERING,3.0000,0.3000,137.5122,141.6076,2.0028,2.9125,0.5118
103.0120,0.1000,STEP_STEERING,3.0000,0.3000,137.3807,141.8741,2.0551,2.9178,0.5129
103.1120,0.1000,STEP_STEERING,3.0000,-0.3000,137.2353,142.1338,2.1075,2.9227,0.5141
103.2120,0.1000,STEP_STEERING,3.0000,-0.3000,137.0761,142.3860,2.1591,2.9363,0.4698
103.3120,0.1000,STEP_STEERING,3.0000,-0.3000,136.9039,142.6322,2.2024,2.9540,0.3801
103.4120,0.1000,STEP_STEERING,3.0000,-0.3000,136.7216,142.8721,2.2376,2.9551,0.3113
103.5120,0.1000,STEP_STEERING,3.0000,-0.3000,136.5319,143.1059,2.2661,2.9498,0.2422
103.6120,0.1000,STEP_STEERING,3.0000,-0.3000,136.3369,143.3346,2.2859,2.9418,0.1572
103.7120,0.1000,STEP_STEERING,3.0000,-0.3000,136.1391,143.5594,2.2973,2.9295,0.0714
103.8120,0.1000,STEP_STEERING,3.0000,-0.3000,135.9407,143.7817,2.3001,2.9134,-0.0149
103.9120,0.1000,STEP_STEERING,3.0000,-0.3000,135.7439,144.0030,2.2940,2.8941,-0.1028
104.0120,0.1000,STEP_STEERING,3.0000,-0.3000,135.5508,144.2247,2.2789,2.8724,-0.1925
104.1120,0.1000,STEP_STEERING,3.0000,-0.3000,135.3636,144.4485,2.2544,2.8490,-0.2853
104.2120,0.1000,STEP_STEERING,3.0000,-0.3000,135.1845,144.6757,2.2204,2.8253,-0.3814
104.3120,0.1000,STEP_STEERING,3.0000,-0.3000,135.0156,144.9079,2.1773,2.8092,-0.4553
104.4120,0.1000,STEP_STEERING,3.0000,-0.3000,134.9093,145.0665,2.1452,2.8069,-0.4827
104.5120,0.1000,STEP_STEERING,3.0000,-0.3000,134.7596,145.3107,2.0953,2.8135,-0.4949
104.6120,0.1000,STEP_STEERING,3.0000,-0.3000,134.6221,145.5629,2.0446,2.8222,-0.4977
104.7120,0.1000,STEP_STEERING,3.0000,-0.3000,134.4971,145.8226,1.9939,2.8301,-0.4967
104.8120,0.1000,STEP_STEERING,3.0000,-0.3000,134.3852,146.0889,1.9433,2.8363,-0.4955
104.9120,0.1000,STEP_STEERING,3.0000,-0.3000,134.2866,146.3610,1.8929,2.8411,-0.4947
105.0120,0.1000,STEP_STEERING,3.0000,-0.3000,134.2018,146.6382,1.8424,2.8443,-0.4941
105.1120,0.1000,STEP_STEERING,3.0000,0.3000,134.1310,146.9195,1.7921,2.8455,-0.4932
105.2120,0.1000,STEP_STEERING,3.0000,0.3000,134.0743,147.2041,1.7432,2.8498,-0.4388
105.3120,0.1000,STEP_STEERING,3.0000,0.3000,134.0306,147.4904,1.7031,2.8262,-0.3424
105.4120,0.1000,STEP_STEERING,3.0000,0.3000,133.9973,147.7743,1.6737,2.7825,-0.2316
105.5120,0.1000,STEP_STEERING,3.0000,0.3000,133.9709,148.0565,1.6562,2.7961,-0.1107
105.6120,0.1000,STEP_STEERING,3.0000,0.3000,133.9472,148.3462,1.6515,2.9115,0.0113
105.7120,0.1000,STEP_STEERING,3.0000,0.3000,133.9222,148.6465,1.6578,2.9772,0.1090
105.8120,0.1000,STEP_STEERING,3.0000,0.3000,133.8938,148.9471,1.6721,2.9548,0.0774
105.9120,0.1000,STEP_STEERING,3.0000,0.3000,133.8602,149.2415,1.6983,2.9097,0.1639
106.0120,0.1000,STEP_STEERING,3.0000,0.3000,133.8185,149.5313,1.7300,2.8553,0.3584
106.1120,0.1000,STEP_STEERING,3.0000,0.3000,133.7854,149.7217,1.7560,2.8426,0.3759
106.2120,0.1000,STEP_STEERING,3.0000,0.3000,133.7262,150.0038,1.7999,2.8221,0.4611
106.3120,0.1000,STEP_STEERING,3.0000,0.3000,133.6541,150.2823,1.8485,2.8244,0.4916
106.4120,0.1000,STEP_STEERING,3.0000,0.3000,133.5681,150.5577,1.8991,2.8353,0.5022
106.5120,0.1000,STEP_STEERING,3.0000,0.3000,133.4677,150.8294,1.9503,2.8469,0.5029
106.6120,0.1000,STEP_STEERING,3.0000,0.3000,133.3531,151.0966,2.0016,2.8570,0.5043
106.7120,0.1000,STEP_STEERING,3.0000,0.3000,133.2244,151.3585,2.0531,2.8673,0.5040
106.8120,0.1000,STEP_STEERING,3.0000,0.3000,133.0820,151.6143,2.1046,2.8778,0.5056
106.9120,0.1000,STEP_STEERING,3.0000,0.3000,132.9260,151.8633,2.1563,2.8875,0.5073
107.0120,0.1000,STEP_STEERING,3.0000,0.3000,132.7568,152.1047,2.2082,2.8966,0.5090
107.1120,0.1000,STEP_STEERING,3.0000,-0.3000,132.5747,152.3377,2.2602,2.9051,0.5106
107.2120,0.1000,RANDOM_WALK,3.4208,0.0859,132.3801,152.5618,2.3109,2.9250,0.4534
107.3120,0.1000,RANDOM_WALK,3.4208,0.0859,132.1732,152.7786,2.3534,2.9567,0.3839
107.4120,0.1000,RANDOM_WALK,3.4208,0.0859,131.9556,152.9894,2.3897,2.9840,0.3282
107.5120,0.1000,RANDOM_WALK,3.4208,0.0859,131.7291,153.1948,2.4185,3.0109,0.2465
107.6120,0.1000,RANDOM_WALK,3.4208,0.0859,131.4957,153.3962,2.4400,3.0356,0.1867
107.7120,0.1000,RANDOM_WALK,3.4208,-0.1231,131.2565,153.5947,2.4573,3.0595,0.1586
107.8120,0.1000,RANDOM_WALK,3.4208,-0.1231,131.0942,153.7257,2.4674,3.0764,0.1297
107.9120,0.1000,RANDOM_WALK,3.4208,-0.1231,130.8472,153.9212,2.4753,3.1008,0.0387
108.0120,0.1000,RANDOM_WALK,3.4208,-0.1231,130.5977,154.1172,2.4743,3.1198,-0.0528
108.1120,0.1000,RANDOM_WALK,3.4208,-0.1231,130.3481,154.3157,2.4639,3.1345,-0.1425
108.2120,0.1000,RANDOM_WALK,3.4208,-0.0617,130.1002,154.5186,2.4462,3.1485,-0.1974
108.3120,0.1000,RANDOM_WALK,3.4208,-0.0617,129.8552,154.7274,2.4251,3.1671,-0.1974
108.4120,0.1000,RANDOM_WALK,3.4208,-0.0617,129.6128,154.9425,2.4073,3.1889,-0.1554
108.5120,0.1000,RANDOM_WALK,3.4208,-0.0617,129.3724,155.1627,2.3933,3.2076,-0.1254
108.6120,0.1000,RANDOM_WALK,3.4208,-0.0617,129.1334,155.3872,2.3818,3.2227,-0.1017
108.7120,0.1000,RANDOM_WALK,3.4208,-0.0007,128.8959,155.6153,2.3711,3.2351,-0.1030
108.8120,0.1000,RANDOM_WALK,3.4208,-0.0007,128.6599,155.8468,2.3610,3.2495,-0.0888
108.9120,0.1000,RANDOM_WALK,3.4208,-0.0007,128.4247,156.0812,2.3554,3.2643,-0.0381
109.0120,0.1000,RANDOM_WALK,3.4208,-0.0007,128.1894,156.3175,2.3534,3.2770,-0.0101
109.1120,0.1000,RANDOM_WALK,3.4208,-0.0007,127.9534,156.5549,2.3532,3.2893,0.0018
109.2120,0.1000,RANDOM_WALK,2.3677,0.4895,127.7165,156.7931,2.3533,3.2995,-0.0006
109.3120,0.1000,RANDOM_WALK,2.3677,0.4895,127.4799,157.0310,2.3551,3.2709,0.0708
109.4120,0.1000,RANDOM_WALK,2.3677,0.4895,127.2447,157.2643,2.3669,3.2248,0.1626
109.5120,0.1000,RANDOM_WALK,2.3677,0.4895,127.0879,157.4159,2.3801,3.1928,0.2250
109.6120,0.1000,RANDOM_WALK,2.3677,0.4895,126.8512,157.6358,2.4071,3.1451,0.2917
109.7120,0.1000,RANDOM_WALK,2.9596,-0.2927,126.6119,157.8448,2.4418,3.0898,0.3786
109.8120,0.1000,RANDOM_WALK,2.9596,-0.2927,126.3686,158.0412,2.4834,3.0581,0.3961
109.9120,0.1000,RANDOM_WALK,2.9596,-0.2927,126.1182,158.2275,2.5188,3.0634,0.3093
110.0120,0.1000,RANDOM_WALK,2.9596,-0.2927,125.8617,158.4062,2.5460,3.0675,0.2292
110.1120,0.1000,RANDOM_WALK,2.9596,-0.2927,125.6009,158.5791,2.5650,3.0721,0.1294
110.2120,0.1000,RANDOM_WALK,2.9596,0.4431,125.3373,158.7485,2.5739,3.0744,0.0436
110.3120,0.1000,RANDOM_WALK,2.9596,0.4431,125.0727,158.9169,2.5758,3.0769,0.0492
110.4120,0.1000,RANDOM_WALK,2.9596,0.4431,124.8071,159.0841,2.5850,3.0777,0.1354
110.5120,0.1000,RANDOM_WALK,2.9596,0.4431,124.5394,159.2476,2.6036,3.0743,0.2281
110.6120,0.1000,RANDOM_WALK,2.9596,0.4431,124.2684,159.4044,2.6316,3.0662,0.3197
110.7120,0.1000,RANDOM_WALK,2.9596,-0.4397,123.9934,159.5521,2.6674,3.0545,0.3903
110.8120,0.1000,RANDOM_WALK,2.9596,-0.4397,123.7139,159.6883,2.7084,3.0534,0.3713
110.9120,0.1000,RANDOM_WALK,2.9596,-0.4397,123.4285,159.8144,2.7416,3.0652,0.2883
111.0120,0.1000,RANDOM_WALK,2.9596,-0.4397,123.1385,159.9325,2.7667,3.0771,0.1976
111.1120,0.1000,RANDOM_WALK,2.9596,-0.4397,122.8451,160.0451,2.7818,3.0875,0.1017
111.2120,0.1000,RANDOM_WALK,3.0260,0.2952,122.6483,160.1185,2.7867,3.0908,0.0416
111.3120,0.1000,RANDOM_WALK,3.0260,0.2952,122.3526,160.2277,2.7880,3.0907,-0.0086
111.4120,0.1000,RANDOM_WALK,3.0260,0.2952,122.0570,160.3365,2.7921,3.0883,0.0916
111.5120,0.1000,RANDOM_WALK,3.0260,0.2952,121.7607,160.4424,2.8059,3.0823,0.1864
111.6120,0.1000,RANDOM_WALK,3.0260,0.2952,121.4633,160.5426,2.8297,3.0730,0.2839
111.7120,0.1000,RANDOM_WALK,2.4208,-0.6000,121.1641,160.6338,2.8633,3.0613,0.3737
111.8120,0.1000,RANDOM_WALK,2.4208,-0.6000,120.8630,160.7133,2.9030,3.0481,0.3601
111.9120,0.1000,RANDOM_WALK,2.4208,-0.6000,120.5604,160.7815,2.9352,3.0372,0.2687
112.0120,0.1000,RANDOM_WALK,2.4208,-0.6000,120.2571,160.8412,2.9576,3.0250,0.1725
112.1120,0.1000,RANDOM_WALK,2.4208,-0.6000,119.9545,160.8951,2.9720,3.0053,0.0963
112.2120,0.1000,RANDOM_WALK,3.0260,0.2732,119.6533,160.9457,2.9773,2.9844,0.0095
112.3120,0.1000,RANDOM_WALK,3.0260,0.2732,119.3537,160.9956,2.9749,2.9784,-0.0296
112.4120,0.1000,RANDOM_WALK,3.0260,0.2732,119.0541,161.0461,2.9763,2.9812,0.0648
112.5120,0.1000,RANDOM_WALK,3.0260,0.2732,118.7541,161.0948,2.9870,2.9803,0.1541
112.6120,0.1000,RANDOM_WALK,3.0260,0.2732,118.4536,161.1388,3.0073,2.9761,0.2470
112.7120,0.1000,RANDOM_WALK,3.0260,-0.3212,118.1527,161.1751,3.0375,2.9684,0.3446
112.8120,0.1000,RANDOM_WALK,3.0260,-0.3212,117.8508,161.2011,3.0729,2.9809,0.3087
112.9120,0.1000,RANDOM_WALK,3.0260,-0.3212,117.6482,161.2130,3.0923,2.9901,0.2640
113.0120,0.1000,RANDOM_WALK,3.0260,-0.3212,117.3428,161.2244,3.1146,3.0023,0.1796
113.1120,0.1000,RANDOM_WALK,3.0260,-0.3212,117.0363,161.2303,3.1284,3.0101,0.0940
113.2120,0.1000,RANDOM_WALK,2.7422,-0.3899,116.7292,161.2333,3.1334,3.0139,0.0063
113.3120,0.1000,RANDOM_WALK,2.7422,-0.3899,116.4221,161.2362,3.1294,3.0064,-0.0840
113.4120,0.1000,RANDOM_WALK,2.7422,-0.3899,116.1165,161.2418,3.1160,2.9885,-0.1770
113.5120,0.1000,RANDOM_WALK,2.7422,-0.3899,115.8130,161.2528,3.0929,2.9683,-0.2727
113.6120,0.1000,RANDOM_WALK,2.7422,-0.3899,115.5121,161.2721,3.0599,2.9457,-0.3719
113.7120,0.1000,RANDOM_WALK,3.4278,0.3108,115.2144,161.3026,3.0175,2.9228,-0.4583
113.8120,0.1000,RANDOM_WALK,3.4278,0.3108,114.9197,161.3466,2.9700,2.9391,-0.4381
113.9120,0.1000,RANDOM_WALK,3.4278,0.3108,114.6234,161.4044,2.9290,2.9837,-0.3618
114.0120,0.1000,RANDOM_WALK,3.4278,0.3108,114.3249,161.4742,2.8963,3.0283,-0.2773
114.1120,0.1000,RANDOM_WALK,3.4278,0.3108,114.0245,161.5534,2.8721,3.0622,-0.2098
114.2120,0.1000,RANDOM_WALK,3.4278,0.0371,113.7229,161.6398,2.8554,3.0923,-0.1197
114.3120,0.1000,RANDOM_WALK,3.4278,0.0371,113.4197,161.7306,2.8469,3.1128,-0.0550
114.4120,0.1000,RANDOM_WALK,3.4278,0.0371,113.1153,161.8235,2.8451,3.1306,0.0121
114.5120,0.1000,RANDOM_WALK,3.4278,0.0371,112.8090,161.9166,2.8488,3.1486,0.0521
114.6120,0.1000,RANDOM_WALK,3.4278,0.0371,112.6036,161.9781,2.8529,3.1609,0.0649
114.7120,0.1000,RANDOM_WALK,3.4278,0.2808,112.2934,162.0690,2.8600,3.1791,0.0713
114.8120,0.1000,RANDOM_WALK,3.4278,0.2808,111.9808,162.1582,2.8679,3.1970,0.1033
114.9120,0.1000,RANDOM_WALK,3.4278,0.2808,111.6656,162.2442,2.8842,3.2101,0.2091
115.0120,0.1000,RANDOM_WALK,3.4278,0.2808,111.3477,162.3237,2.9102,3.2193,0.2881
115.1120,0.1000,RANDOM_WALK,3.4278,0.2808,111.0269,162.3938,2.9441,3.2200,0.3717
115.2120,0.1000,RANDOM_WALK,4.8846,-0.1420,110.7040,162.4515,2.9867,3.2162,0.4544
115.3120,0.1000,RANDOM_WALK,4.8846,-0.1420,110.3772,162.4945,3.0350,3.2795,0.4499
115.4120,0.1000,RANDOM_WALK,4.8846,-0.1420,110.0382,162.5234,3.0766,3.3936,0.3607
115.5120,0.1000,RANDOM_WALK,4.8846,-0.1420,109.6873,162.5402,3.1091,3.4942,0.2819
115.6120,0.1000,RANDOM_WALK,4.8846,-0.1420,109.3265,162.5472,3.1340,3.5855,0.1943
115.7120,0.1000,RANDOM_WALK,3.9077,-0.2741,108.9566,162.5469,-3.1341,3.6683,0.0987
115.8120,0.1000,RANDOM_WALK,3.9077,-0.2741,108.5799,162.5429,-3.1304,3.7062,-0.0370
115.9120,0.1000,RANDOM_WALK,3.9077,-0.2741,108.2012,162.5402,-3.1405,3.7199,-0.1582
116.0120,0.1000,RANDOM_WALK,3.9077,-0.2741,107.8214,162.5436,3.1205,3.7287,-0.2751
116.1120,0.1000,RANDOM_WALK,3.9077,-0.2741,107.4413,162.5577,3.0861,3.7323,-0.3964
116.2120,0.1000,RANDOM_WALK,3.9077,0.2031,107.0618,162.5872,3.0406,3.7341,-0.4873
116.3120,0.1000,RANDOM_WALK,3.9077,0.2031,106.6834,162.6353,2.9906,3.7577,-0.4320
116.4120,0.1000,RANDOM_WALK,3.9077,0.2031,106.4309,162.6774,2.9631,3.7767,-0.3662
116.5120,0.1000,RANDOM_WALK,3.9077,0.2031,106.0521,162.7524,2.9304,3.7958,-0.2820
116.6120,0.1000,RANDOM_WALK,3.9077,0.2031,105.6738,162.8385,2.9070,3.8127,-0.1734
116.7120,0.1000,RANDOM_WALK,3.9077,-0.4417,105.2958,162.9317,2.8946,3.8241,-0.0669
116.8120,0.1000,RANDOM_WALK,3.9077,-0.4417,104.9173,163.0278,2.8924,3.8358,-0.0048
116.9120,0.1000,RANDOM_WALK,3.9077,-0.4417,104.5377,163.1248,2.8888,3.8474,-0.1067
117.0120,0.1000,RANDOM_WALK,3.9077,-0.4417,104.1581,163.2258,2.8727,3.8551,-0.2181
117.1120,0.1000,RANDOM_WALK,3.9077,-0.4417,103.7804,163.3352,2.8441,3.8577,-0.3414
117.2120,0.1000,RANDOM_WALK,2.2770,0.0406,103.4067,163.4579,2.8024,3.8547,-0.4733
117.3120,0.1000,RANDOM_WALK,2.2770,0.0406,103.0415,163.5975,2.7502,3.8026,-0.4703
117.4120,0.1000,RANDOM_WALK,2.2770,0.0406,102.6902,163.7518,2.7071,3.7245,-0.3785
117.5120,0.1000,RANDOM_WALK,2.2770,0.0406,102.3519,163.9158,2.6746,3.6487,-0.2695
117.6120,0.1000,RANDOM_WALK,2.2770,0.0406,102.0252,164.0854,2.6528,3.5720,-0.1647
117.7120,0.1000,RANDOM_WALK,2.2770,-0.4005,101.7082,164.2567,2.6414,3.4954,-0.0628
117.8120,0.1000,RANDOM_WALK,2.2770,-0.4005,101.3990,164.4264,2.6380,3.4229,-0.0333
117.9120,0.1000,RANDOM_WALK,2.2770,-0.4005,101.0972,164.5943,2.6277,3.3514,-0.1507
118.0120,0.1000,RANDOM_WALK,2.2770,-0.4005,100.9008,164.7066,2.6151,3.3036,-0.2242
118.1120,0.1000,RANDOM_WALK,2.2770,-0.4005,100.6149,164.8779,2.5871,3.2339,-0.3235
118.2120,0.1000,RANDOM_WALK,2.2770,-0.4228,100.3406,165.0547,2.5491,3.1678,-0.4156
118.3120,0.1000,RANDOM_WALK,2.2770,-0.4228,100.0797,165.2390,2.5025,3.0994,-0.4760
118.4120,0.1000,RANDOM_WALK,2.2770,-0.4228,99.8345,165.4311,2.4501,3.0085,-0.5411
118.5120,0.1000,RANDOM_WALK,2.2770,-0.4228,99.6078,165.6301,2.3912,2.9104,-0.6067
118.6120,0.1000,RANDOM_WALK,2.2770,-0.4228,99.4003,165.8363,2.3265,2.8300,-0.6581
118.7120,0.1000,RANDOM_WALK,2.2770,-0.0291,99.2117,166.0508,2.2570,2.7813,-0.6918
118.8120,0.1000,RANDOM_WALK,2.2770,-0.0291,99.0405,166.2754,2.1875,2.7685,-0.6413
118.9120,0.1000,RANDOM_WALK,2.2770,-0.0291,98.8849,166.5099,2.1265,2.7463,-0.5519
119.0120,0.1000,RANDOM_WALK,2.2770,-0.0291,98.7454,166.7492,2.0717,2.6991,-0.4894
119.1120,0.1000,RANDOM_WALK,2.2770,-0.0291,98.6203,166.9911,2.0255,2.6423,-0.4202
119.2120,0.1000,RANDOM_WALK,3.7000,0.4295,98.5080,167.2325,1.9873,2.5808,-0.3407
119.3120,0.1000,RANDOM_WALK,3.7000,0.4295,98.4059,167.4737,1.9567,2.5774,-0.2703
119.4120,0.1000,RANDOM_WALK,3.7000,0.4295,98.3098,167.7192,1.9329,2.5941,-0.1961
119.5120,0.1000,RANDOM_WALK,3.7000,0.4295,98.2181,167.9677,1.9168,2.6018,-0.1219
119.6120,0.1000,RANDOM_WALK,3.7000,0.4295,98.1293,168.2177,1.9084,2.6022,-0.0469
119.7120,0.1000,RANDOM_WALK,3.7000,0.2889,98.0710,168.3845,1.9070,2.5980,0.0049
119.8120,0.1000,RANDOM_WALK,3.7000,0.2889,97.9834,168.6337,1.9116,2.5832,0.0791
119.9120,0.1000,RANDOM_WALK,3.7000,0.2889,97.8943,168.8807,1.9241,2.5717,0.1613
120.0120,0.1000,RANDOM_WALK,3.7000,0.2889,97.8012,169.1260,1.9449,2.5793,0.2461
120.1120,0.1000,RANDOM_WALK,3.7000,0.2889,97.7012,169.3705,1.9747,2.6060,0.3368
120.2120,0.1000,RANDOM_WALK,4.6250,-0.1135,97.5914,169.6146,2.0134,2.6502,0.4119
120.3120,0.1000,RANDOM_WALK,4.6250,-0.1135,97.4687,169.8594,2.0575,2.7371,0.4349
120.4120,0.1000,RANDOM_WALK,4.6250,-0.1135,97.3300,170.1088,2.0983,2.8552,0.3713
120.5120,0.1000,RANDOM_WALK,4.6250,-0.1135,97.1761,170.3624,2.1326,2.9605,0.3038
120.6120,0.1000,RANDOM_WALK,4.6250,-0.1135,97.0089,170.6197,2.1598,3.0545,0.2302
120.7120,0.1000,RANDOM_WALK,4.6250,-0.0449,96.8307,170.8804,2.1792,3.1383,0.1499
120.8120,0.1000,RANDOM_WALK,4.6250,-0.0449,96.6439,171.1451,2.1906,3.2124,0.0837
120.9120,0.1000,RANDOM_WALK,4.6250,-0.0449,96.4506,171.4143,2.1948,3.2879,0.0041
121.0120,0.1000,RANDOM_WALK,4.6250,-0.0449,96.2526,171.6898,2.1925,3.3651,-0.0417
121.1120,0.1000,RANDOM_WALK,4.6250,-0.0449,96.0512,171.9725,2.1868,3.4424,-0.0646
121.2120,0.1000,RANDOM_WALK,1.7671,0.1773,95.8471,172.2629,2.1797,3.5172,-0.0717
121.3120,0.1000,RANDOM_WALK,1.7671,0.1773,95.6436,172.5569,2.1734,3.4645,-0.0148
121.4120,0.1000,RANDOM_WALK,1.7671,0.1773,95.5113,172.7491,2.1751,3.4004,0.0479
121.5120,0.1000,RANDOM_WALK,1.7671,0.1773,95.3159,173.0295,2.1855,3.3051,0.1508
121.6120,0.1000,RANDOM_WALK,1.7671,0.1773,95.1218,173.2991,2.2056,3.2119,0.2361
121.7120,0.1000,RANDOM_WALK,1.7671,0.3448,94.9270,173.5566,2.2327,3.1237,0.2877
121.8120,0.1000,RANDOM_WALK,1.7671,0.3448,94.7301,173.8016,2.2639,3.0389,0.3420
121.9120,0.1000,RANDOM_WALK,1.7671,0.3448,94.5306,174.0329,2.3024,2.9562,0.3972
122.0120,0.1000,RANDOM_WALK,1.7671,0.3448,94.3276,174.2494,2.3468,2.8680,0.4631
122.1120,0.1000,RANDOM_WALK,1.7671,0.3448,94.1210,174.4498,2.3973,2.7826,0.5205
122.2120,0.1000,RANDOM_WALK,1.7671,0.2210,93.9101,174.6337,2.4521,2.7110,0.5468
122.3120,0.1000,RANDOM_WALK,1.7671,0.2210,93.6944,174.8017,2.5074,2.6617,0.5124
122.4120,0.1000,RANDOM_WALK,1.7671,0.2210,93.4733,174.9561,2.5554,2.6276,0.4318
122.5120,0.1000,RANDOM_WALK,1.7671,0.2210,93.2488,175.0986,2.5959,2.5883,0.3684
122.6120,0.1000,RANDOM_WALK,1.7671,0.2210,93.0226,175.2305,2.6313,2.5461,0.3348
122.7120,0.1000,RANDOM_WALK,1.7671,-0.2575,92.7959,175.3525,2.6644,2.5037,0.3176
122.8120,0.1000,RANDOM_WALK,1.7671,-0.2575,92.5691,175.4653,2.6946,2.4696,0.2595
122.9120,0.1000,RANDOM_WALK,1.7671,-0.2575,92.3424,175.5706,2.7180,2.4336,0.1945
123.0120,0.1000,RANDOM_WALK,1.7671,-0.2575,92.1170,175.6699,2.7342,2.3965,0.1255
123.1120,0.1000,RANDOM_WALK,1.7671,-0.2575,91.9680,175.7335,2.7410,2.3711,0.0797
123.2120,0.1000,RANDOM_WALK,3.6456,0.4039,91.7469,175.8264,2.7455,2.3321,0.0106
123.3120,0.1000,RANDOM_WALK,3.6456,0.4039,91.5282,175.9181,2.7437,2.3515,-0.0228
123.4120,0.1000,RANDOM_WALK,3.6456,0.4039,91.3033,176.0128,2.7428,2.4348,0.0102
123.5120,0.1000,RANDOM_WALK,3.6456,0.4039,91.0706,176.1101,2.7491,2.5110,0.0942
123.6120,0.1000,RANDOM_WALK,3.6456,0.4039,90.8302,176.2078,2.7635,2.5796,0.1825
123.7120,0.1000,RANDOM_WALK,3.6456,-0.3614,90.5818,176.3034,2.7870,2.6412,0.2760
123.8120,0.1000,RANDOM_WALK,3.6456,-0.3614,90.3250,176.3939,2.8190,2.7030,0.3153
123.9120,0.1000,RANDOM_WALK,3.6456,-0.3614,90.0588,176.4786,2.8471,2.7733,0.2439
124.0120,0.1000,RANDOM_WALK,3.6456,-0.3614,89.7842,176.5586,2.8679,2.8361,0.1690
124.1120,0.1000,RANDOM_WALK,3.6456,-0.3614,89.5024,176.6355,2.8810,2.8921,0.0896
124.2120,0.1000,RANDOM_WALK,3.6456,-0.4703,89.2147,176.7112,2.8857,2.9417,0.0051
124.3120,0.1000,RANDOM_WALK,3.6456,-0.4703,88.9223,176.7882,2.8815,2.9895,-0.0853
124.4120,0.1000,RANDOM_WALK,3.6456,-0.4703,88.6260,176.8689,2.8678,3.0334,-0.1820
124.5120,0.1000,RANDOM_WALK,3.6456,-0.4703,88.3272,176.9564,2.8439,3.0712,-0.2854
124.6120,0.1000,RANDOM_WALK,3.6456,-0.4703,88.0278,177.0537,2.8091,3.1030,-0.3956
124.7120,0.1000,RANDOM_WALK,4.5570,-0.0944,87.7298,177.1640,2.7627,3.1294,-0.5115
124.8120,0.1000,RANDOM_WALK,4.5570,-0.0944,87.4337,177.2914,2.7089,3.2121,-0.5007
124.9120,0.1000,RANDOM_WALK,4.5570,-0.0944,87.2349,177.3873,2.6766,3.2811,-0.4466
125.0120,0.1000,RANDOM_WALK,4.5570,-0.0944,86.9347,177.5460,2.6354,3.3774,-0.3597
125.1120,0.1000,RANDOM_WALK,4.5570,-0.0944,86.6327,177.7202,2.6028,3.4593,-0.2845
125.2120,0.1000,RANDOM_WALK,1.5363,0.2554,86.3291,177.9072,2.5772,3.5341,-0.2197
125.3120,0.1000,RANDOM_WALK,1.5363,0.2554,86.0257,178.1037,2.5572,3.5089,-0.1751
125.4120,0.1000,RANDOM_WALK,1.5363,0.2554,85.7331,178.2998,2.5466,3.3998,-0.0626
125.5120,0.1000,RANDOM_WALK,1.5363,0.2554,85.4509,178.4914,2.5461,3.2918,0.0407
125.6120,0.1000,RANDOM_WALK,1.5363,0.2554,85.1768,178.6756,2.5554,3.1858,0.1377
125.7120,0.1000,RANDOM_WALK,1.5363,0.3757,84.9092,178.8500,2.5744,3.0821,0.2310
125.8120,0.1000,RANDOM_WALK,1.5363,0.3757,84.6463,179.0126,2.6028,2.9813,0.3226
125.9120,0.1000,RANDOM_WALK,1.5363,0.3757,84.3871,179.1613,2.6405,2.8810,0.4132
126.0120,0.1000,RANDOM_WALK,1.5363,0.3757,84.1308,179.2943,2.6864,2.7849,0.4856
126.1120,0.1000,RANDOM_WALK,1.5363,0.3757,83.8769,179.4108,2.7378,2.6926,0.5315
126.2120,0.1000,RANDOM_WALK,1.5363,-0.0685,83.6257,179.5101,2.7937,2.6080,0.5619
126.3120,0.1000,RANDOM_WALK,1.5363,-0.0685,83.3764,179.5925,2.8499,2.5522,0.5100
126.4120,0.1000,RANDOM_WALK,1.5363,-0.0685,83.1276,179.6607,2.8975,2.5074,0.4253
126.5120,0.1000,RANDOM_WALK,1.5363,-0.0685,82.9630,179.6992,2.9251,2.4690,0.3894
126.6120,0.1000,RANDOM_WALK,1.5363,-0.0685,82.7188,179.7482,2.9609,2.4166,0.3128
126.7120,0.1000,RANDOM_WALK,1.5363,0.0737,82.4785,179.7884,2.9893,2.3617,0.2433
126.8120,0.1000,RANDOM_WALK,1.5363,0.0737,82.2430,179.8219,3.0107,2.3053,0.1867
126.9120,0.1000,RANDOM_WALK,1.5363,0.0737,82.0123,179.8503,3.0270,2.2545,0.1354
127.0120,0.1000,RANDOM_WALK,1.5363,0.0737,81.7861,179.8749,3.0388,2.2106,0.1029
127.1120,0.1000,RANDOM_WALK,1.5363,0.0737,81.5638,179.8967,3.0484,2.1718,0.0888
127.2120,0.1000,RANDOM_WALK,4.1996,-0.1130,81.3451,179.9162,3.0573,2.1359,0.0864
127.3120,0.1000,RANDOM_WALK,4.1996,-0.1130,81.1269,179.9336,3.0654,2.1986,0.0543
127.4120,0.1000,RANDOM_WALK,4.1996,-0.1130,80.8969,179.9508,3.0679,2.3232,-0.0083
127.5120,0.1000,RANDOM_WALK,4.1996,-0.1130,80.6548,179.9690,3.0634,2.4380,-0.0787
127.6120,0.1000,RANDOM_WALK,4.1996,-0.1130,80.4016,179.9902,3.0523,2.5447,-0.1342
127.7120,0.1000,RANDOM_WALK,3.3597,-0.2432,80.1382,180.0157,3.0369,2.6459,-0.1633
127.8120,0.1000,RANDOM_WALK,3.3597,-0.2432,79.8665,180.0466,3.0187,2.7040,-0.2168
127.9120,0.1000,RANDOM_WALK,3.3597,-0.2432,79.5915,180.0841,2.9921,2.7389,-0.3006
128.0120,0.1000,RANDOM_WALK,3.3597,-0.2432,79.3145,180.1305,2.9582,2.7718,-0.3605
128.1120,0.1000,RANDOM_WALK,3.3597,-0.2432,79.0359,180.1877,2.9195,2.8061,-0.3939
128.2120,0.1000,RANDOM_WALK,3.3597,-0.2432,78.8497,180.2324,2.8923,2.8300,-0.4049
128.3120,0.1000,RANDOM_WALK,4.1996,-0.1811,78.5699,180.3099,2.8506,2.8655,-0.4125
128.4120,0.1000,RANDOM_WALK,4.1996,-0.1811,78.2895,180.4004,2.8087,2.9279,-0.3958
128.5120,0.1000,RANDOM_WALK,4.1996,-0.1811,78.0051,180.5051,2.7702,3.0169,-0.3597
128.6120,0.1000,RANDOM_WALK,4.1996,-0.1811,77.7166,180.6234,2.7348,3.0973,-0.3361
128.7120,0.1000,RANDOM_WALK,4.1996,-0.1811,77.4254,180.7548,2.7008,3.1688,-0.3299
128.8120,0.1000,RANDOM_WALK,3.3597,-0.4346,77.1325,180.8991,2.6668,3.2339,-0.3348
128.9120,0.1000,RANDOM_WALK,3.3597,-0.4346,76.8399,181.0561,2.6311,3.2620,-0.3881
129.0120,0.1000,RANDOM_WALK,3.3597,-0.4346,76.5533,181.2246,2.5872,3.2573,-0.4715
129.1120,0.1000,RANDOM_WALK,3.3597,-0.4346,76.2761,181.4062,2.5347,3.2398,-0.5532
129.2120,0.1000,RANDOM_WALK,3.3597,-0.4346,76.0118,181.6016,2.4740,3.2067,-0.6326
129.3120,0.1000,RANDOM_WALK,2.1309,0.3491,75.7635,181.8112,2.4054,3.1665,-0.7079
129.4120,0.1000,RANDOM_WALK,2.1309,0.3491,75.5342,182.0349,2.3325,3.1179,-0.6645
129.5120,0.1000,RANDOM_WALK,2.1309,0.3491,75.3240,182.2703,2.2689,3.0836,-0.5675
129.6120,0.1000,RANDOM_WALK,2.1309,0.3491,75.1292,182.5154,2.2170,3.0513,-0.4577
129.7120,0.1000,RANDOM_WALK,2.1309,0.3491,74.9494,182.7655,2.1724,2.9997,-0.3810
129.8120,0.1000,RANDOM_WALK,2.1309,0.4016,74.7826,183.0183,2.1371,2.9450,-0.3039
129.9120,0.1000,RANDOM_WALK,2.1309,0.4016,74.6774,183.1872,2.1186,2.9084,-0.2495
130.0120,0.1000,RANDOM_WALK,2.1309,0.4016,74.5273,183.4396,2.0979,2.8541,-0.1629
130.1120,0.1000,RANDOM_WALK,2.1309,0.4016,74.3840,183.6897,2.0857,2.7999,-0.0796
130.2120,0.1000,RANDOM_WALK,2.1309,0.4016,74.2455,183.9361,2.0819,2.7471,0.0023
130.3120,0.1000,RANDOM_WALK,2.1309,0.2178,74.1094,184.1778,2.0864,2.6962,0.0837
130.4120,0.1000,RANDOM_WALK,2.1309,0.2178,73.9738,184.4140,2.0991,2.6463,0.1534
130.5120,0.1000,RANDOM_WALK,2.1309,0.2178,73.8370,184.6435,2.1191,2.5980,0.2364
130.6120,0.1000,RANDOM_WALK,2.1309,0.2178,73.6971,184.8659,2.1465,2.5596,0.2924
130.7120,0.1000,RANDOM_WALK,2.1309,0.2178,73.5525,185.0813,2.1778,2.5315,0.3159
130.8120,0.1000,RANDOM_WALK,2.1309,-0.3198,73.4026,185.2900,2.2103,2.5094,0.3184
130.9120,0.1000,RANDOM_WALK,2.1309,-0.3198,73.2471,185.4921,2.2414,2.4971,0.2693
131.0120,0.1000,RANDOM_WALK,2.1309,-0.3198,73.0869,185.6889,2.2659,2.4813,0.2053
131.1120,0.1000,RANDOM_WALK,2.1309,-0.3198,72.9236,185.8811,2.2832,2.4625,0.1358
131.2120,0.1000,RANDOM_WALK,2.1309,-0.3198,72.7591,186.0694,2.2932,2.4404,0.0648
131.3120,0.1000,RANDOM_WALK,2.0396,-0.4987,72.5950,186.2548,2.2960,2.4158,-0.0068
131.4120,0.1000,RANDOM_WALK,2.0396,-0.4987,72.4328,186.4384,2.2915,2.3863,-0.0803
131.5120,0.1000,RANDOM_WALK,2.0396,-0.4987,72.2745,186.6206,2.2795,2.3474,-0.1541
131.6120,0.1000,RANDOM_WALK,2.0396,-0.4987,72.1720,186.7416,2.2673,2.3174,-0.2035
131.7120,0.1000,RANDOM_WALK,2.0396,-0.4987,72.0240,186.9227,2.2426,2.2688,-0.2788
131.8120,0.1000,RANDOM_WALK,2.0396,-0.1911,71.8843,187.1040,2.2102,2.2208,-0.3571
131.9120,0.1000,RANDOM_WALK,2.0396,-0.1911,71.7541,187.2866,2.1692,2.1860,-0.4305
132.0120,0.1000,RANDOM_WALK,2.0396,-0.1911,71.6321,187.4735,2.1302,2.1880,-0.3600
132.1120,0.1000,RANDOM_WALK,2.0396,-0.1911,71.5171,187.6644,2.0968,2.1845,-0.2979
132.2120,0.1000,RANDOM_WALK,2.0396,-0.1911,71.4083,187.8582,2.0687,2.1785,-0.2570
132.3120,0.1000,RANDOM_WALK,2.0396,-0.0428,71.3049,188.0543,2.0436,2.1726,-0.2393
132.4120,0.1000,RANDOM_WALK,2.0396,-0.0428,71.2065,188.2524,2.0201,2.1702,-0.2133
132.5120,0.1000,RANDOM_WALK,2.0396,-0.0428,71.1124,188.4525,2.0020,2.1664,-0.1525
132.6120,0.1000,RANDOM_WALK,2.0396,-0.0428,71.0216,188.6533,1.9898,2.1585,-0.0947
132.7120,0.1000,RANDOM_WALK,2.0396,-0.0428,70.9331,188.8542,1.9821,2.1505,-0.0621
132.8120,0.1000,RANDOM_WALK,2.0396,0.1694,70.8462,189.0551,1.9766,2.1441,-0.0506
132.9120,0.1000,RANDOM_WALK,2.0396,0.1694,70.7605,189.2558,1.9725,2.1402,-0.0131
133.0120,0.1000,RANDOM_WALK,2.0396,0.1694,70.6752,189.4563,1.9747,2.1360,0.0476
133.1120,0.1000,RANDOM_WALK,2.0396,0.1694,70.5890,189.6559,1.9834,2.1303,0.1149
133.2120,0.1000,RANDOM_WALK,2.0396,0.1694,70.5007,189.8539,1.9984,2.1233,0.1722
133.3120,0.1000,RANDOM_WALK,3.3776,0.2827,70.4092,190.0498,2.0176,2.1175,0.2005
133.4120,0.1000,RANDOM_WALK,3.3776,0.2827,70.3458,190.1798,2.0320,2.1499,0.2328
133.5120,0.1000,RANDOM_WALK,3.3776,0.2827,70.2441,190.3780,2.0593,2.2198,0.3032
133.6120,0.1000,RANDOM_WALK,3.3776,0.2827,70.1329,190.5790,2.0933,2.2851,0.3589
133.7120,0.1000,RANDOM_WALK,3.3776,0.2827,70.0112,190.7814,2.1317,2.3500,0.3902
133.8120,0.1000,RANDOM_WALK,3.3776,0.2652,69.8778,190.9844,2.1724,2.4140,0.4060
133.9120,0.1000,RANDOM_WALK,3.3776,0.2652,69.7324,191.1870,2.2139,2.4789,0.3998
134.0120,0.1000,RANDOM_WALK,3.3776,0.2652,69.5749,191.3886,2.2544,2.5389,0.3966
134.1120,0.1000,RANDOM_WALK,3.3776,0.2652,69.4055,191.5880,2.2951,2.5937,0.4015
134.2120,0.1000,RANDOM_WALK,3.3776,0.2652,69.2245,191.7844,2.3364,2.6455,0.4085
134.3120,0.1000,RANDOM_WALK,4.2220,-0.1360,69.0318,191.9766,2.3785,2.6937,0.4163
134.4120,0.1000,RANDOM_WALK,4.2220,-0.1360,68.8267,192.1644,2.4207,2.7738,0.3945
134.5120,0.1000,RANDOM_WALK,4.2220,-0.1360,68.6069,192.3503,2.4573,2.8699,0.3290
134.6120,0.1000,RANDOM_WALK,4.2220,-0.1360,68.3738,192.5346,2.4871,2.9564,0.2578
134.7120,0.1000,RANDOM_WALK,4.2220,-0.1360,68.1292,192.7177,2.5093,3.0343,0.1809
134.8120,0.1000,RANDOM_WALK,3.3776,-0.4077,67.8752,192.9007,2.5234,3.1041,0.0980
134.9120,0.1000,RANDOM_WALK,3.3776,-0.4077,67.6150,193.0845,2.5278,3.1337,-0.0191
135.0120,0.1000,RANDOM_WALK,3.3776,-0.4077,67.4408,193.2076,2.5243,3.1411,-0.0800
135.1120,0.1000,RANDOM_WALK,3.3776,-0.4077,67.1804,193.3947,2.5109,3.1467,-0.1797
135.2120,0.1000,RANDOM_WALK,3.3776,-0.4077,66.9233,193.5868,2.4872,3.1480,-0.2831
135.3120,0.1000,RANDOM_WALK,2.6390,0.5459,66.6719,193.7863,2.4527,3.1457,-0.3911
135.4120,0.1000,RANDOM_WALK,2.6390,0.5459,66.4292,193.9951,2.4082,3.1325,-0.4422
135.5120,0.1000,RANDOM_WALK,2.6390,0.5459,66.1970,194.2135,2.3666,3.1227,-0.3652
135.6120,0.1000,RANDOM_WALK,2.6390,0.5459,65.9738,194.4397,2.3340,3.1102,-0.2786
135.7120,0.1000,RANDOM_WALK,2.6390,0.5459,65.7580,194.6710,2.3105,3.0943,-0.1899
135.8120,0.1000,RANDOM_WALK,2.6390,-0.4362,65.5478,194.9050,2.2960,3.0758,-0.0995
135.9120,0.1000,RANDOM_WALK,2.6390,-0.4362,65.3415,195.1395,2.2895,3.0474,-0.0582
136.0120,0.1000,RANDOM_WALK,2.6390,-0.4362,65.1390,195.3726,2.2823,3.0080,-0.0854
136.1120,0.1000,RANDOM_WALK,2.6390,-0.4362,64.9414,195.6042,2.2704,2.9629,-0.1735
136.2120,0.1000,RANDOM_WALK,2.6390,-0.4362,64.7506,195.8356,2.2485,2.9180,-0.2586
136.3120,0.1000,RANDOM_WALK,3.2988,-0.1472,64.5689,196.0683,2.2168,2.8726,-0.3550
136.4120,0.1000,RANDOM_WALK,3.2988,-0.1472,64.3978,196.3048,2.1771,2.8660,-0.4002
136.5120,0.1000,RANDOM_WALK,3.2988,-0.1472,64.2354,196.5493,2.1379,2.8982,-0.3518
136.6120,0.1000,RANDOM_WALK,3.2988,-0.1472,64.0799,196.8026,2.1057,2.9304,-0.2915
136.7120,0.1000,RANDOM_WALK,3.2988,-0.1472,63.9797,196.9754,2.0872,2.9496,-0.2627
136.8120,0.1000,RANDOM_WALK,2.6390,0.4312,63.8340,197.2399,2.0618,2.9731,-0.2378
136.9120,0.1000,RANDOM_WALK,2.6390,0.4312,63.6939,197.5095,2.0387,2.9798,-0.2183
137.0120,0.1000,RANDOM_WALK,2.6390,0.4312,63.5596,197.7818,2.0214,2.9749,-0.1227
137.1120,0.1000,RANDOM_WALK,2.6390,0.4312,63.4291,198.0550,2.0130,2.9649,-0.0375
137.2120,0.1000,RANDOM_WALK,2.6390,0.4312,63.3001,198.3277,2.0136,2.9527,0.0488
137.3120,0.1000,RANDOM_WALK,3.5767,-0.2274,63.1703,198.5985,2.0234,2.9387,0.1389
137.4120,0.1000,RANDOM_WALK,3.5767,-0.2274,63.0370,198.8668,2.0416,2.9523,0.1865
137.5120,0.1000,RANDOM_WALK,3.5767,-0.2274,62.8973,199.1361,2.0553,2.9933,0.0954
137.6120,0.1000,RANDOM_WALK,3.5767,-0.2274,62.7534,199.4072,2.0605,3.0261,0.0059
137.7120,0.1000,RANDOM_WALK,3.5767,-0.2274,62.6079,199.6809,2.0568,3.0518,-0.0822
137.8120,0.1000,RANDOM_WALK,3.5767,0.3330,62.4636,199.9579,2.0435,3.0726,-0.1779
137.9120,0.1000,RANDOM_WALK,3.5767,0.3330,62.3233,200.2395,2.0224,3.1031,-0.1969
138.0120,0.1000,RANDOM_WALK,3.5767,0.3330,62.1868,200.5272,2.0069,3.1424,-0.1052
138.1120,0.1000,RANDOM_WALK,3.5767,0.3330,62.0519,200.8197,2.0005,3.1749,-0.0167
138.2120,0.1000,RANDOM_WALK,3.5767,0.3330,61.9162,201.1151,2.0037,3.2033,0.0776
138.3120,0.1000,RANDOM_WALK,3.5767,-0.4057,61.7770,201.4120,2.0169,3.2276,0.1782
138.4120,0.1000,RANDOM_WALK,3.5767,-0.4057,61.6808,201.6097,2.0310,3.2428,0.2124
138.5120,0.1000,RANDOM_WALK,3.5767,-0.4057,61.5304,201.9059,2.0482,3.2718,0.1164
138.6120,0.1000,RANDOM_WALK,3.5767,-0.4057,61.3752,202.2025,2.0557,3.2930,0.0235
138.7120,0.1000,RANDOM_WALK,3.5767,-0.4057,61.2184,202.5004,2.0532,3.3076,-0.0721
138.8120,0.1000,RANDOM_WALK,4.4709,0.0272,61.0633,202.8006,2.0404,3.3169,-0.1770
138.9120,0.1000,RANDOM_WALK,4.4709,0.0272,60.9130,203.1048,2.0179,3.3519,-0.2323
139.0120,0.1000,RANDOM_WALK,4.4709,0.0272,60.7670,203.4178,1.9978,3.4204,-0.1647
139.1120,0.1000,RANDOM_WALK,4.4709,0.0272,60.6236,203.7391,1.9852,3.4811,-0.0722
139.2120,0.1000,RANDOM_WALK,4.4709,0.0272,60.4803,204.0669,1.9822,3.5357,0.0059
139.3120,0.1000,RANDOM_WALK,2.2815,-0.0222,60.3346,204.3996,1.9854,3.5907,0.0477
139.4120,0.1000,RANDOM_WALK,2.2815,-0.0222,60.1861,204.7345,1.9906,3.5639,0.0293
139.5120,0.1000,RANDOM_WALK,2.2815,-0.0222,60.0393,205.0628,1.9910,3.4940,-0.0168
139.6120,0.1000,RANDOM_WALK,2.2815,-0.0222,59.8958,205.3852,1.9878,3.4284,-0.0448
139.7120,0.1000,RANDOM_WALK,2.2815,-0.0222,59.7563,205.7023,1.9825,3.3673,-0.0561
139.8120,0.1000,RANDOM_WALK,2.2815,-0.3081,59.6210,206.0146,1.9767,3.3090,-0.0554
139.9120,0.1000,RANDOM_WALK,2.2815,-0.3081,59.4898,206.3225,1.9690,3.2538,-0.1198
140.0120,0.1000,RANDOM_WALK,2.2815,-0.3081,59.3646,206.6267,1.9521,3.1986,-0.2113
140.1120,0.1000,RANDOM_WALK,2.2815,-0.3081,59.2857,206.8279,1.9356,3.1603,-0.2715
140.2120,0.1000,RANDOM_WALK,2.2815,-0.3081,59.1430,207.2268,1.8909,3.0670,-0.3821
140.3120,0.1000,RANDOM_WALK,2.2815,-0.3631,59.0806,207.4237,1.8634,3.0128,-0.4226
140.4120,0.1000,RANDOM_WALK,2.2815,-0.3631,58.9995,207.7166,1.8174,2.9507,-0.4916
140.5120,0.1000,RANDOM_WALK,2.2815,-0.3631,58.9342,208.0082,1.7636,2.9140,-0.5599
140.6120,0.1000,RANDOM_WALK,2.2815,-0.3631,58.8861,208.2998,1.7043,2.8837,-0.5977
140.7120,0.1000,RANDOM_WALK,2.2815,-0.3631,58.8561,208.5906,1.6425,2.8515,-0.6104
140.8120,0.1000,RANDOM_WALK,2.2815,0.0671,58.8443,208.8794,1.5802,2.8209,-0.6099
140.9120,0.1000,RANDOM_WALK,2.2815,0.0671,58.8505,209.1658,1.5196,2.8058,-0.5534
141.0120,0.1000,RANDOM_WALK,2.2815,0.0671,58.8727,209.4505,1.4675,2.7929,-0.4659
141.1120,0.1000,RANDOM_WALK,2.2815,0.0671,58.9079,209.7317,1.4265,2.7657,-0.3337
141.2120,0.1000,RANDOM_WALK,2.2815,0.0671,58.9524,210.0082,1.3984,2.7265,-0.2223
141.3120,0.1000,RANDOM_WALK,2.5313,-0.2358,59.0023,210.2789,1.3797,2.6748,-0.1363
141.4120,0.1000,RANDOM_WALK,2.5313,-0.2358,59.0551,210.5438,1.3687,2.6286,-0.1112
141.5120,0.1000,RANDOM_WALK,2.5313,-0.2358,59.1105,210.8040,1.3520,2.5943,-0.1991
141.6120,0.1000,RANDOM_WALK,2.5313,-0.2358,59.1705,211.0601,1.3273,2.5699,-0.2799
141.7120,0.1000,RANDOM_WALK,2.5313,-0.2358,59.2373,211.3127,1.2962,2.5585,-0.3264
141.8120,0.1000,RANDOM_WALK,2.5313,-0.2305,59.2864,211.4794,1.2733,2.5569,-0.3402
141.9120,0.1000,RANDOM_WALK,2.5313,-0.2305,59.3671,211.7272,1.2379,2.5590,-0.3467
142.0120,0.1000,RANDOM_WALK,2.5313,-0.2305,59.4568,211.9724,1.2028,2.5636,-0.3429
142.1120,0.1000,RANDOM_WALK,2.5313,-0.2305,59.5551,212.2148,1.1679,2.5676,-0.3401
142.2120,0.1000,RANDOM_WALK,2.5313,-0.2305,59.6619,212.4538,1.1331,2.5706,-0.3393
142.3120,0.1000,RANDOM_WALK,2.5313,0.4390,59.7771,212.6893,1.0984,2.5730,-0.3397
142.4120,0.1000,RANDOM_WALK,2.5313,0.4390,59.9006,212.9210,1.0641,2.5792,-0.3125
142.5120,0.1000,RANDOM_WALK,2.5313,0.4390,60.0319,213.1495,1.0363,2.5874,-0.2410
142.6120,0.1000,RANDOM_WALK,2.5313,0.4390,60.1688,213.3753,1.0158,2.5891,-0.1664
142.7120,0.1000,RANDOM_WALK,2.5313,0.4390,60.3095,213.5985,1.0027,2.5849,-0.0915
142.8120,0.1000,RANDOM_WALK,2.5313,-0.2581,60.4518,213.8199,0.9974,2.5758,-0.0151
142.9120,0.1000,RANDOM_WALK,2.5313,-0.2581,60.5939,214.0401,0.9987,2.5638,0.0242
143.0120,0.1000,RANDOM_WALK,2.5313,-0.2581,60.7350,214.2597,0.9995,2.5566,-0.0357
143.1120,0.1000,RANDOM_WALK,2.5313,-0.2581,60.8764,214.4781,0.9923,2.5485,-0.1062
143.2120,0.1000,RANDOM_WALK,2.5313,-0.2581,61.0196,214.6942,0.9771,2.5394,-0.1853
143.3120,0.1000,RANDOM_WALK,3.0210,-0.3748,61.1665,214.9068,0.9536,2.5289,-0.2688
143.4120,0.1000,RANDOM_WALK,3.0210,-0.3748,61.3190,215.1149,0.9211,2.5384,-0.3764
143.5120,0.1000,RANDOM_WALK,3.0210,-0.3748,61.4804,215.3184,0.8780,2.5567,-0.4651
143.6120,0.1000,RANDOM_WALK,3.0210,-0.3748,61.5938,215.4506,0.8447,2.5681,-0.5125
143.7120,0.1000,RANDOM_WALK,3.0210,-0.3748,61.7736,215.6423,0.7899,2.5885,-0.5612
143.8120,0.1000,RANDOM_WALK,3.7763,0.1894,61.9656,215.8250,0.7311,2.6138,-0.5882
143.9120,0.1000,RANDOM_WALK,3.7763,0.1894,62.1709,215.9982,0.6711,2.6724,-0.5663
144.0120,0.1000,RANDOM_WALK,3.7763,0.1894,62.3925,216.1645,0.6171,2.7581,-0.4937
144.1120,0.1000,RANDOM_WALK,3.7763,0.1894,62.6287,216.3236,0.5700,2.8269,-0.4312
144.2120,0.1000,RANDOM_WALK,3.7763,0.1894,62.8772,216.4756,0.5291,2.8859,-0.3720
144.3120,0.1000,RANDOM_WALK,3.7763,-0.2749,63.1362,216.6208,0.4940,2.9367,-0.3151
144.4120,0.1000,RANDOM_WALK,3.7763,-0.2749,63.4042,216.7601,0.4660,2.9863,-0.2521
144.5120,0.1000,RANDOM_WALK,3.7763,-0.2749,63.6800,216.8946,0.4415,3.0324,-0.2371
144.6120,0.1000,RANDOM_WALK,3.7763,-0.2749,63.9626,217.0230,0.4094,3.0604,-0.3604
144.7120,0.1000,RANDOM_WALK,3.7763,-0.2749,64.2526,217.1420,0.3674,3.0915,-0.4487
144.8120,0.1000,RANDOM_WALK,3.7763,0.0792,64.5512,217.2489,0.3191,3.1309,-0.4930
144.9120,0.1000,RANDOM_WALK,3.7763,0.0792,64.8591,217.3421,0.2698,3.1832,-0.4486
145.0120,0.1000,RANDOM_WALK,3.7763,0.0792,65.1763,217.4224,0.2280,3.2325,-0.3741
145.1120,0.1000,RANDOM_WALK,3.7763,0.0792,65.5008,217.4917,0.1942,3.2765,-0.2878
145.2120,0.1000,RANDOM_WALK,3.7763,0.0792,65.7206,217.5328,0.1765,3.3017,-0.2317
145.3120,0.1000,RANDOM_WALK,1.8414,-0.2156,66.0544,217.5888,0.1575,3.3350,-0.1421
145.4120,0.1000,RANDOM_WALK,1.8414,-0.2156,66.3907,217.6403,0.1476,3.3075,-0.0703
145.5120,0.1000,RANDOM_WALK,1.8414,-0.2156,66.7199,217.6881,0.1402,3.2163,-0.1151
145.6120,0.1000,RANDOM_WALK,1.8414,-0.2156,67.0404,217.7308,0.1229,3.1270,-0.2077
145.7120,0.1000,RANDOM_WALK,1.8414,-0.2156,67.3528,217.7654,0.0963,3.0400,-0.2976
145.8120,0.1000,RANDOM_WALK,1.8414,0.4833,67.6576,217.7898,0.0625,2.9621,-0.3502
145.9120,0.1000,RANDOM_WALK,1.8414,0.4833,67.9561,217.8031,0.0267,2.9060,-0.3177
146.0120,0.1000,RANDOM_WALK,1.8414,0.4833,68.2500,217.8066,-0.0014,2.8598,-0.2349
146.1120,0.1000,RANDOM_WALK,1.8414,0.4833,68.5392,217.8032,-0.0209,2.8120,-0.1519
146.2120,0.1000,RANDOM_WALK,1.8414,0.4833,68.8233,217.7955,-0.0320,2.7630,-0.0695
146.3120,0.1000,RANDOM_WALK,1.8414,-0.4006,69.1023,217.7860,-0.0348,2.7132,0.0122
146.4120,0.1000,RANDOM_WALK,1.8414,-0.4006,69.3762,217.7770,-0.0306,2.6626,0.0448
146.5120,0.1000,RANDOM_WALK,1.8414,-0.4006,69.6451,217.7691,-0.0291,2.6144,-0.0348
146.6120,0.1000,RANDOM_WALK,1.8414,-0.4006,69.9091,217.7608,-0.0358,2.5664,-0.1075
146.7120,0.1000,RANDOM_WALK,1.8414,-0.4006,70.1681,217.7497,-0.0506,2.5186,-0.1833
146.8120,0.1000,RANDOM_WALK,1.8414,0.0047,70.4220,217.7342,-0.0734,2.4710,-0.2614
146.9120,0.1000,RANDOM_WALK,1.8414,0.0047,70.5883,217.7203,-0.0928,2.4417,-0.2906
147.0120,0.1000,RANDOM_WALK,1.8414,0.0047,70.8346,217.6941,-0.1182,2.4153,-0.2180
147.1120,0.1000,RANDOM_WALK,1.8414,0.0047,71.0774,217.6629,-0.1366,2.3858,-0.1489
147.2120,0.1000,RANDOM_WALK,1.8414,0.0047,71.3166,217.6284,-0.1481,2.3545,-0.0814
147.3120,0.1000,COOLDOWN,0.0000,0.0000,71.5523,217.5925,-0.1533,2.3237,-0.0268
147.4120,0.1000,COOLDOWN,0.0000,0.0000,71.7834,217.5567,-0.1543,2.2363,-0.0033
147.5120,0.1000,COOLDOWN,0.0000,0.0000,72.0019,217.5227,-0.1543,2.1029,-0.0002
147.6120,0.1000,COOLDOWN,0.0000,0.0000,72.2073,217.4907,-0.1544,1.9774,-0.0033
147.7120,0.1000,COOLDOWN,0.0000,0.0000,72.4005,217.4606,-0.1547,1.8594,-0.0042
147.8120,0.1000,COOLDOWN,0.0000,0.0000,72.5821,217.4322,-0.1552,1.7478,-0.0039
147.9120,0.1000,COOLDOWN,0.0000,0.0000,72.7528,217.4055,-0.1555,1.6424,-0.0021
148.0120,0.1000,COOLDOWN,0.0000,0.0000,72.9131,217.3804,-0.1556,1.5432,-0.0007
148.1120,0.1000,COOLDOWN,0.0000,0.0000,73.0638,217.3567,-0.1557,1.4499,0.0000
148.2120,0.1000,COOLDOWN,0.0000,0.0000,73.2053,217.3345,-0.1556,1.3623,0.0001
148.3120,0.1000,COOLDOWN,0.0000,0.0000,73.3383,217.3137,-0.1556,1.2799,0.0001
148.4120,0.1000,COOLDOWN,0.0000,0.0000,73.4632,217.2941,-0.1556,1.2026,0.0000
148.5120,0.1000,COOLDOWN,0.0000,0.0000,73.5806,217.2756,-0.1556,1.1299,-0.0000
148.6120,0.1000,COOLDOWN,0.0000,0.0000,73.6549,217.2640,-0.1556,1.0839,-0.0000
148.7120,0.1000,COOLDOWN,0.0000,0.0000,73.7607,217.2474,-0.1556,1.0184,-0.0000
148.8120,0.1000,COOLDOWN,0.0000,0.0000,73.8600,217.2318,-0.1556,0.9568,-0.0000
148.9120,0.1000,COOLDOWN,0.0000,0.0000,73.9534,217.2171,-0.1556,0.8990,-0.0000
149.0120,0.1000,COOLDOWN,0.0000,0.0000,74.0411,217.2034,-0.1556,0.8447,-0.0000
149.1120,0.1000,COOLDOWN,0.0000,0.0000,74.1235,217.1905,-0.1556,0.7936,-0.0000
149.2120,0.1000,COOLDOWN,0.0000,0.0000,74.2010,217.1783,-0.1556,0.7456,-0.0000
149.3120,0.1000,COOLDOWN,0.0000,0.0000,74.2737,217.1669,-0.1556,0.7006,0.0000
149.4120,0.1000,COOLDOWN,0.0000,0.0000,74.3420,217.1562,-0.1556,0.6582,0.0000
149.5120,0.1000,COOLDOWN,0.0000,0.0000,74.4062,217.1461,-0.1556,0.6185,0.0000
149.6120,0.1000,COOLDOWN,0.0000,0.0000,74.4666,217.1366,-0.1556,0.5811,-0.0000
149.7120,0.1000,COOLDOWN,0.0000,0.0000,74.5232,217.1277,-0.1556,0.5460,-0.0000
149.8120,0.1000,COOLDOWN,0.0000,0.0000,74.5765,217.1194,-0.1556,0.5130,0.0000
149.9120,0.1000,COOLDOWN,0.0000,0.0000,74.6265,217.1115,-0.1556,0.4820,0.0000
150.0120,0.1000,COOLDOWN,0.0000,0.0000,74.6734,217.1042,-0.1556,0.4529,-0.0000
150.1120,0.1000,COOLDOWN,0.0000,0.0000,74.7176,217.0972,-0.1556,0.4255,0.0000
150.2120,0.1000,COOLDOWN,0.0000,0.0000,74.7591,217.0907,-0.1556,0.3998,0.0000
150.3120,0.1000,COOLDOWN,0.0000,0.0000,74.7853,217.0866,-0.1556,0.3835,-0.0000
150.4120,0.1000,COOLDOWN,0.0000,0.0000,74.8227,217.0808,-0.1556,0.3604,-0.0000
150.5120,0.1000,COOLDOWN,0.0000,0.0000,74.8578,217.0753,-0.1556,0.3386,0.0000
150.6120,0.1000,COOLDOWN,0.0000,0.0000,74.8907,217.0701,-0.1556,0.3181,-0.0000
150.7120,0.1000,COOLDOWN,0.0000,0.0000,74.9217,217.0652,-0.1556,0.2989,0.0000
150.8120,0.1000,COOLDOWN,0.0000,0.0000,74.9508,217.0607,-0.1556,0.2809,0.0000
150.9120,0.1000,COOLDOWN,0.0000,0.0000,74.9781,217.0564,-0.1556,0.2639,0.0000
151.0120,0.1000,COOLDOWN,0.0000,0.0000,75.0038,217.0523,-0.1556,0.2480,0.0000
151.1120,0.1000,COOLDOWN,0.0000,0.0000,75.0279,217.0486,-0.1556,0.2330,0.0000
151.2120,0.1000,COOLDOWN,0.0000,0.0000,75.0506,217.0450,-0.1556,0.2189,0.0000
151.3120,0.1000,COOLDOWN,0.0000,0.0000,75.0719,217.0417,-0.1556,0.2057,0.0000
151.4120,0.1000,COOLDOWN,0.0000,0.0000,75.0919,217.0385,-0.1556,0.1933,-0.0000
151.5120,0.1000,COOLDOWN,0.0000,0.0000,75.1107,217.0356,-0.1556,0.1816,0.0000
151.6120,0.1000,COOLDOWN,0.0000,0.0000,75.1283,217.0328,-0.1556,0.1706,0.0000
151.7120,0.1000,COOLDOWN,0.0000,0.0000,75.1449,217.0302,-0.1556,0.1603,0.0000
151.8120,0.1000,COOLDOWN,0.0000,0.0000,75.1604,217.0278,-0.1556,0.1507,0.0000
151.9120,0.1000,COOLDOWN,0.0000,0.0000,75.1750,217.0255,-0.1556,0.1416,0.0000
152.0120,0.1000,COOLDOWN,0.0000,0.0000,75.1843,217.0240,-0.1556,0.1358,0.0000
152.1120,0.1000,COOLDOWN,0.0000,0.0000,75.1975,217.0220,-0.1556,0.1276,0.0000
152.2120,0.1000,COOLDOWN,0.0000,0.0000,75.2098,217.0200,-0.1556,0.1199,0.0000
152.3120,0.1000,COOLDOWN,0.0000,0.0000,75.2214,217.0182,-0.1556,0.1127,0.0000
